env,backbone,seed,success_rate,expert_success,n_episodes,n_steps,elapsed_s
point-state,mlp,0,100.0,100.0,200,512,14.4
point-state,ctm,0,100.0,100.0,200,512,21.4
point-state,lstm,0,100.0,100.0,200,512,15.3
point-state,gru,0,100.0,100.0,200,512,14.7
point-state,transformer,0,100.0,100.0,200,512,32.1
point-state,flash,0,100.0,100.0,200,512,26.6
point-state,flash-shallow,0,100.0,100.0,200,512,15.6
point-state,flash-deep,0,100.0,100.0,200,512,22.8
point-state,mlp,1,100.0,100.0,200,510,11.2
point-state,ctm,1,100.0,100.0,200,510,21.5
point-state,lstm,1,100.0,100.0,200,510,15.5
point-state,gru,1,100.0,100.0,200,510,15.0
point-state,transformer,1,100.0,100.0,200,510,32.1
point-state,flash,1,100.0,100.0,200,510,26.8
point-state,flash-shallow,1,100.0,100.0,200,510,15.6
point-state,flash-deep,1,100.0,100.0,200,510,22.6
point-state,mlp,2,100.0,100.0,200,512,11.0
point-state,ctm,2,100.0,100.0,200,512,19.8
point-state,lstm,2,100.0,100.0,200,512,15.2
point-state,gru,2,100.0,100.0,200,512,14.7
point-state,transformer,2,100.0,100.0,200,512,31.8
point-state,flash,2,100.0,100.0,200,512,26.5
point-state,flash-shallow,2,100.0,100.0,200,512,15.3
point-state,flash-deep,2,100.0,100.0,200,512,21.0
point-state,mlp,3,100.0,100.0,200,517,11.2
point-state,ctm,3,100.0,100.0,200,517,21.4
point-state,lstm,3,100.0,100.0,200,517,14.8
point-state,gru,3,100.0,100.0,200,517,14.9
point-state,transformer,3,100.0,100.0,200,517,32.0
point-state,flash,3,100.0,100.0,200,517,25.7
point-state,flash-shallow,3,87.5,100.0,200,517,15.7
point-state,flash-deep,3,100.0,100.0,200,517,23.1
point-state,mlp,4,100.0,100.0,200,513,11.1
point-state,ctm,4,100.0,100.0,200,513,20.9
point-state,lstm,4,100.0,100.0,200,513,15.3
point-state,gru,4,100.0,100.0,200,513,14.7
point-state,transformer,4,100.0,100.0,200,513,30.6
point-state,flash,4,100.0,100.0,200,513,26.6
point-state,flash-shallow,4,100.0,100.0,200,513,15.4
point-state,flash-deep,4,100.0,100.0,200,513,22.6
tworoom-state,mlp,0,33.333333333333336,100.0,200,1043,18.0
tworoom-state,ctm,0,79.16666666666667,100.0,200,1043,35.0
tworoom-state,lstm,0,83.33333333333333,100.0,200,1043,25.0
tworoom-state,gru,0,83.33333333333333,100.0,200,1043,24.1
tworoom-state,transformer,0,75.0,100.0,200,1043,50.6
tworoom-state,flash,0,66.66666666666667,100.0,200,1043,43.3
tworoom-state,flash-shallow,0,33.333333333333336,100.0,200,1043,26.0
tworoom-state,flash-deep,0,79.16666666666667,100.0,200,1043,36.9
tworoom-state,mlp,1,50.0,100.0,200,1049,17.1
tworoom-state,ctm,1,58.333333333333336,100.0,200,1049,36.4
tworoom-state,lstm,1,75.0,100.0,200,1049,24.9
tworoom-state,gru,1,75.0,100.0,200,1049,24.3
tworoom-state,transformer,1,62.5,100.0,200,1049,51.3
tworoom-state,flash,1,83.33333333333333,100.0,200,1049,43.7
tworoom-state,flash-shallow,1,33.333333333333336,100.0,200,1049,25.8
tworoom-state,flash-deep,1,62.5,100.0,200,1049,36.8
tworoom-state,mlp,2,29.166666666666668,100.0,200,1055,18.4
tworoom-state,ctm,2,79.16666666666667,100.0,200,1055,36.0
tworoom-state,lstm,2,62.5,100.0,200,1055,25.3
tworoom-state,gru,2,70.83333333333333,100.0,200,1055,24.4
tworoom-state,transformer,2,54.166666666666664,100.0,200,1055,52.4
tworoom-state,flash,2,79.16666666666667,100.0,200,1055,43.9
tworoom-state,flash-shallow,2,25.0,100.0,200,1055,25.3
tworoom-state,flash-deep,2,75.0,100.0,200,1055,37.4
tworoom-state,mlp,3,45.833333333333336,100.0,200,1067,18.4
tworoom-state,ctm,3,62.5,100.0,200,1067,36.6
tworoom-state,lstm,3,66.66666666666667,100.0,200,1067,25.7
tworoom-state,gru,3,75.0,100.0,200,1067,24.6
tworoom-state,transformer,3,70.83333333333333,100.0,200,1067,53.3
tworoom-state,flash,3,62.5,100.0,200,1067,45.0
tworoom-state,flash-shallow,3,29.166666666666668,100.0,200,1067,26.0
tworoom-state,flash-deep,3,70.83333333333333,100.0,200,1067,38.6
tworoom-state,mlp,4,45.833333333333336,100.0,200,1080,18.1
tworoom-state,ctm,4,70.83333333333333,100.0,200,1080,37.1
tworoom-state,lstm,4,70.83333333333333,100.0,200,1080,24.3
tworoom-state,gru,4,75.0,100.0,200,1080,24.3
tworoom-state,transformer,4,62.5,100.0,200,1080,52.0
tworoom-state,flash,4,83.33333333333333,100.0,200,1080,42.2
tworoom-state,flash-shallow,4,41.666666666666664,100.0,200,1080,25.1
tworoom-state,flash-deep,4,45.833333333333336,100.0,200,1080,37.7
reacher,mlp,0,66.66666666666667,100.0,200,2295,20.6
reacher,ctm,0,62.5,100.0,200,2295,34.0
reacher,lstm,0,79.16666666666667,100.0,200,2295,24.2
reacher,gru,0,75.0,100.0,200,2295,24.4
reacher,transformer,0,70.83333333333333,100.0,200,2295,47.4
reacher,flash,0,70.83333333333333,100.0,200,2295,41.1
reacher,flash-shallow,0,70.83333333333333,100.0,200,2295,25.2
reacher,flash-deep,0,83.33333333333333,100.0,200,2295,36.3
reacher,mlp,1,62.5,100.0,200,2500,18.4
reacher,ctm,1,83.33333333333333,100.0,200,2500,33.5
reacher,lstm,1,75.0,100.0,200,2500,24.1
reacher,gru,1,62.5,100.0,200,2500,23.6
reacher,transformer,1,83.33333333333333,100.0,200,2500,44.3
reacher,flash,1,62.5,100.0,200,2500,38.0
reacher,flash-shallow,1,75.0,100.0,200,2500,24.6
reacher,flash-deep,1,75.0,100.0,200,2500,34.1
reacher,mlp,2,70.83333333333333,100.0,200,2428,17.8
reacher,ctm,2,66.66666666666667,100.0,200,2428,33.4
reacher,lstm,2,70.83333333333333,100.0,200,2428,24.3
reacher,gru,2,83.33333333333333,100.0,200,2428,23.4
reacher,transformer,2,70.83333333333333,100.0,200,2428,45.6
reacher,flash,2,66.66666666666667,100.0,200,2428,38.8
reacher,flash-shallow,2,62.5,100.0,200,2428,24.9
reacher,flash-deep,2,83.33333333333333,100.0,200,2428,34.7
reacher,mlp,3,58.333333333333336,100.0,200,2374,18.1
reacher,ctm,3,66.66666666666667,100.0,200,2374,32.6
reacher,lstm,3,58.333333333333336,100.0,200,2374,24.6
reacher,gru,3,62.5,100.0,200,2374,23.8
reacher,transformer,3,66.66666666666667,100.0,200,2374,45.9
reacher,flash,3,50.0,100.0,200,2374,39.4
reacher,flash-shallow,3,62.5,100.0,200,2374,25.1
reacher,flash-deep,3,58.333333333333336,100.0,200,2374,35.9
reacher,mlp,4,66.66666666666667,100.0,200,2447,16.9
reacher,ctm,4,58.333333333333336,100.0,200,2447,31.3
reacher,lstm,4,62.5,100.0,200,2447,22.6
reacher,gru,4,58.333333333333336,100.0,200,2447,22.0
reacher,transformer,4,50.0,100.0,200,2447,43.4
reacher,flash,4,62.5,100.0,200,2447,37.1
reacher,flash-shallow,4,45.833333333333336,100.0,200,2447,23.2
reacher,flash-deep,4,58.333333333333336,100.0,200,2447,33.6
reacher-partial,mlp,0,54.166666666666664,100.0,200,2295,17.9
reacher-partial,ctm,0,66.66666666666667,100.0,200,2295,32.6
reacher-partial,lstm,0,66.66666666666667,100.0,200,2295,24.3
reacher-partial,gru,0,66.66666666666667,100.0,200,2295,23.7
reacher-partial,transformer,0,58.333333333333336,100.0,200,2295,45.8
reacher-partial,flash,0,62.5,100.0,200,2295,38.6
reacher-partial,flash-shallow,0,58.333333333333336,100.0,200,2295,24.7
reacher-partial,flash-deep,0,66.66666666666667,100.0,200,2295,33.9
reacher-partial,mlp,1,54.166666666666664,100.0,200,2500,18.1
reacher-partial,ctm,1,66.66666666666667,100.0,200,2500,32.5
reacher-partial,lstm,1,62.5,100.0,200,2500,24.1
reacher-partial,gru,1,70.83333333333333,100.0,200,2500,23.4
reacher-partial,transformer,1,62.5,100.0,200,2500,44.4
reacher-partial,flash,1,70.83333333333333,100.0,200,2500,38.4
reacher-partial,flash-shallow,1,62.5,100.0,200,2500,24.5
reacher-partial,flash-deep,1,70.83333333333333,100.0,200,2500,34.3
reacher-partial,mlp,2,54.166666666666664,100.0,200,2428,18.1
reacher-partial,ctm,2,66.66666666666667,100.0,200,2428,33.1
reacher-partial,lstm,2,58.333333333333336,100.0,200,2428,24.2
reacher-partial,gru,2,62.5,100.0,200,2428,23.4
reacher-partial,transformer,2,58.333333333333336,100.0,200,2428,45.6
reacher-partial,flash,2,62.5,100.0,200,2428,39.4
reacher-partial,flash-shallow,2,50.0,100.0,200,2428,24.9
reacher-partial,flash-deep,2,50.0,100.0,200,2428,34.8
reacher-partial,mlp,3,54.166666666666664,100.0,200,2374,18.0
reacher-partial,ctm,3,54.166666666666664,100.0,200,2374,33.5
reacher-partial,lstm,3,66.66666666666667,100.0,200,2374,24.7
reacher-partial,gru,3,70.83333333333333,100.0,200,2374,23.8
reacher-partial,transformer,3,50.0,100.0,200,2374,46.3
reacher-partial,flash,3,62.5,100.0,200,2374,40.2
reacher-partial,flash-shallow,3,54.166666666666664,100.0,200,2374,25.2
reacher-partial,flash-deep,3,70.83333333333333,100.0,200,2374,35.4
reacher-partial,mlp,4,50.0,100.0,200,2447,16.9
reacher-partial,ctm,4,50.0,100.0,200,2447,31.6
reacher-partial,lstm,4,45.833333333333336,100.0,200,2447,22.9
reacher-partial,gru,4,50.0,100.0,200,2447,22.0
reacher-partial,transformer,4,54.166666666666664,100.0,200,2447,45.1
reacher-partial,flash,4,50.0,100.0,200,2447,37.6
reacher-partial,flash-shallow,4,37.5,100.0,200,2447,23.7
reacher-partial,flash-deep,4,50.0,100.0,200,2447,32.8
mountaincar,mlp,0,0.0,100.0,200,24247,87.5
mountaincar,ctm,0,0.0,100.0,200,24247,153.2
mountaincar,lstm,0,0.0,100.0,200,24247,101.3
mountaincar,gru,0,0.0,100.0,200,24247,97.9
mountaincar,transformer,0,0.0,100.0,200,24247,236.1
mountaincar,flash,0,0.0,100.0,200,24247,195.6
mountaincar,flash-shallow,0,0.0,100.0,200,24247,133.5
mountaincar,flash-deep,0,0.0,100.0,200,24247,166.4
mountaincar,mlp,1,0.0,100.0,200,24264,85.5
mountaincar,ctm,1,0.0,100.0,200,24264,153.9
mountaincar,lstm,1,0.0,100.0,200,24264,101.4
mountaincar,gru,1,0.0,100.0,200,24264,98.2
mountaincar,transformer,1,0.0,100.0,200,24264,235.6
mountaincar,flash,1,0.0,100.0,200,24264,195.8
mountaincar,flash-shallow,1,0.0,100.0,200,24264,133.8
mountaincar,flash-deep,1,0.0,100.0,200,24264,166.3
mountaincar,mlp,2,0.0,100.0,200,24181,85.3
mountaincar,ctm,2,0.0,100.0,200,24181,154.7
mountaincar,lstm,2,0.0,100.0,200,24181,101.8
mountaincar,gru,2,79.16666666666667,100.0,200,24181,97.8
mountaincar,transformer,2,0.0,100.0,200,24181,235.3
mountaincar,flash,2,33.333333333333336,100.0,200,24181,195.3
mountaincar,flash-shallow,2,0.0,100.0,200,24181,133.5
mountaincar,flash-deep,2,0.0,100.0,200,24181,166.9
mountaincar,mlp,3,0.0,100.0,200,24213,85.5
mountaincar,ctm,3,0.0,100.0,200,24213,153.5
mountaincar,lstm,3,0.0,100.0,200,24213,100.7
mountaincar,gru,3,0.0,100.0,200,24213,98.3
mountaincar,transformer,3,0.0,100.0,200,24213,236.9
mountaincar,flash,3,0.0,100.0,200,24213,197.0
mountaincar,flash-shallow,3,0.0,100.0,200,24213,133.9
mountaincar,flash-deep,3,0.0,100.0,200,24213,166.2
mountaincar,mlp,4,0.0,100.0,200,24179,85.4
mountaincar,ctm,4,0.0,100.0,200,24179,153.6
mountaincar,lstm,4,0.0,100.0,200,24179,101.6
mountaincar,gru,4,66.66666666666667,100.0,200,24179,98.1
mountaincar,transformer,4,0.0,100.0,200,24179,235.9
mountaincar,flash,4,66.66666666666667,100.0,200,24179,195.7
mountaincar,flash-shallow,4,0.0,100.0,200,24179,132.8
mountaincar,flash-deep,4,0.0,100.0,200,24179,167.7
mountaincar-partial,mlp,0,0.0,100.0,200,24247,87.1
mountaincar-partial,ctm,0,0.0,100.0,200,24247,154.5
mountaincar-partial,lstm,0,0.0,100.0,200,24247,103.1
mountaincar-partial,gru,0,0.0,100.0,200,24247,99.9
mountaincar-partial,transformer,0,0.0,100.0,200,24247,238.8
mountaincar-partial,flash,0,0.0,100.0,200,24247,197.5
mountaincar-partial,flash-shallow,0,0.0,100.0,200,24247,133.7
mountaincar-partial,flash-deep,0,0.0,100.0,200,24247,166.5
mountaincar-partial,mlp,1,0.0,100.0,200,24264,86.4
mountaincar-partial,ctm,1,0.0,100.0,200,24264,154.7
mountaincar-partial,lstm,1,0.0,100.0,200,24264,103.2
mountaincar-partial,gru,1,0.0,100.0,200,24264,99.5
mountaincar-partial,transformer,1,0.0,100.0,200,24264,238.6
mountaincar-partial,flash,1,0.0,100.0,200,24264,197.0
mountaincar-partial,flash-shallow,1,0.0,100.0,200,24264,133.8
mountaincar-partial,flash-deep,1,0.0,100.0,200,24264,167.4
mountaincar-partial,mlp,2,0.0,100.0,200,24181,86.2
mountaincar-partial,ctm,2,0.0,100.0,200,24181,154.9
mountaincar-partial,lstm,2,0.0,100.0,200,24181,102.7
mountaincar-partial,gru,2,79.16666666666667,100.0,200,24181,98.9
mountaincar-partial,transformer,2,0.0,100.0,200,24181,240.1
mountaincar-partial,flash,2,12.5,100.0,200,24181,198.0
mountaincar-partial,flash-shallow,2,0.0,100.0,200,24181,134.5
mountaincar-partial,flash-deep,2,0.0,100.0,200,24181,168.8
mountaincar-partial,mlp,3,0.0,100.0,200,24213,86.6
mountaincar-partial,ctm,3,0.0,100.0,200,24213,157.2
mountaincar-partial,lstm,3,0.0,100.0,200,24213,103.4
mountaincar-partial,gru,3,0.0,100.0,200,24213,100.6
mountaincar-partial,transformer,3,0.0,100.0,200,24213,240.7
mountaincar-partial,flash,3,0.0,100.0,200,24213,198.7
mountaincar-partial,flash-shallow,3,0.0,100.0,200,24213,133.7
mountaincar-partial,flash-deep,3,0.0,100.0,200,24213,170.1
mountaincar-partial,mlp,4,0.0,100.0,200,24179,86.2
mountaincar-partial,ctm,4,0.0,100.0,200,24179,155.7
mountaincar-partial,lstm,4,0.0,100.0,200,24179,103.9
mountaincar-partial,gru,4,0.0,100.0,200,24179,101.1
mountaincar-partial,transformer,4,0.0,100.0,200,24179,241.9
mountaincar-partial,flash,4,0.0,100.0,200,24179,198.7
mountaincar-partial,flash-shallow,4,0.0,100.0,200,24179,134.3
mountaincar-partial,flash-deep,4,0.0,100.0,200,24179,170.2
acrobot,mlp,0,95.83333333333333,100.0,200,20633,86.7
acrobot,ctm,0,91.66666666666667,100.0,200,20633,156.5
acrobot,lstm,0,100.0,100.0,200,20633,103.0
acrobot,gru,0,95.83333333333333,100.0,200,20633,100.2
acrobot,transformer,0,95.83333333333333,100.0,200,20633,238.7
acrobot,flash,0,95.83333333333333,100.0,200,20633,196.9
acrobot,flash-shallow,0,100.0,100.0,200,20633,133.5
acrobot,flash-deep,0,91.66666666666667,100.0,200,20633,169.3
acrobot,mlp,1,91.66666666666667,100.0,200,20641,86.6
acrobot,ctm,1,87.5,100.0,200,20641,156.4
acrobot,lstm,1,100.0,100.0,200,20641,103.2
acrobot,gru,1,100.0,100.0,200,20641,100.4
acrobot,transformer,1,91.66666666666667,100.0,200,20641,240.5
acrobot,flash,1,100.0,100.0,200,20641,195.6
acrobot,flash-shallow,1,95.83333333333333,100.0,200,20641,133.7
acrobot,flash-deep,1,95.83333333333333,100.0,200,20641,168.6
acrobot,mlp,2,100.0,100.0,200,20088,86.8
acrobot,ctm,2,100.0,100.0,200,20088,156.0
acrobot,lstm,2,100.0,100.0,200,20088,102.6
acrobot,gru,2,95.83333333333333,100.0,200,20088,99.6
acrobot,transformer,2,91.66666666666667,100.0,200,20088,239.3
acrobot,flash,2,91.66666666666667,100.0,200,20088,197.8
acrobot,flash-shallow,2,91.66666666666667,100.0,200,20088,133.7
acrobot,flash-deep,2,100.0,100.0,200,20088,168.0
acrobot,mlp,3,91.66666666666667,95.0,200,20453,86.5
acrobot,ctm,3,95.83333333333333,95.0,200,20453,155.1
acrobot,lstm,3,100.0,95.0,200,20453,103.0
acrobot,gru,3,95.83333333333333,95.0,200,20453,100.5
acrobot,transformer,3,95.83333333333333,95.0,200,20453,239.2
acrobot,flash,3,100.0,95.0,200,20453,196.4
acrobot,flash-shallow,3,100.0,95.0,200,20453,133.8
acrobot,flash-deep,3,87.5,95.0,200,20453,169.2
acrobot,mlp,4,95.83333333333333,100.0,200,20763,87.0
acrobot,ctm,4,91.66666666666667,100.0,200,20763,155.7
acrobot,lstm,4,87.5,100.0,200,20763,103.3
acrobot,gru,4,91.66666666666667,100.0,200,20763,100.8
acrobot,transformer,4,95.83333333333333,100.0,200,20763,240.0
acrobot,flash,4,100.0,100.0,200,20763,197.4
acrobot,flash-shallow,4,95.83333333333333,100.0,200,20763,133.8
acrobot,flash-deep,4,100.0,100.0,200,20763,166.6
acrobot-partial,mlp,0,0.0,100.0,200,20633,94.1
acrobot-partial,ctm,0,91.66666666666667,100.0,200,20633,165.3
acrobot-partial,lstm,0,50.0,100.0,200,20633,107.9
acrobot-partial,gru,0,41.666666666666664,100.0,200,20633,106.3
acrobot-partial,transformer,0,0.0,100.0,200,20633,235.0
acrobot-partial,flash,0,87.5,100.0,200,20633,190.3
acrobot-partial,flash-shallow,0,0.0,100.0,200,20633,137.0
acrobot-partial,flash-deep,0,91.66666666666667,100.0,200,20633,161.5
acrobot-partial,mlp,1,0.0,100.0,200,20641,84.8
acrobot-partial,ctm,1,70.83333333333333,100.0,200,20641,149.3
acrobot-partial,lstm,1,66.66666666666667,100.0,200,20641,101.2
acrobot-partial,gru,1,87.5,100.0,200,20641,98.8
acrobot-partial,transformer,1,0.0,100.0,200,20641,231.2
acrobot-partial,flash,1,100.0,100.0,200,20641,189.4
acrobot-partial,flash-shallow,1,0.0,100.0,200,20641,136.9
acrobot-partial,flash-deep,1,83.33333333333333,100.0,200,20641,163.4
acrobot-partial,mlp,2,0.0,100.0,200,20088,85.6
acrobot-partial,ctm,2,95.83333333333333,100.0,200,20088,150.0
acrobot-partial,lstm,2,75.0,100.0,200,20088,101.9
acrobot-partial,gru,2,79.16666666666667,100.0,200,20088,98.8
acrobot-partial,transformer,2,0.0,100.0,200,20088,232.3
acrobot-partial,flash,2,66.66666666666667,100.0,200,20088,190.0
acrobot-partial,flash-shallow,2,0.0,100.0,200,20088,136.7
acrobot-partial,flash-deep,2,75.0,100.0,200,20088,162.5
acrobot-partial,mlp,3,0.0,95.0,200,20453,85.6
acrobot-partial,ctm,3,91.66666666666667,95.0,200,20453,149.8
acrobot-partial,lstm,3,45.833333333333336,95.0,200,20453,102.4
acrobot-partial,gru,3,66.66666666666667,95.0,200,20453,98.5
acrobot-partial,transformer,3,4.166666666666667,95.0,200,20453,232.5
acrobot-partial,flash,3,87.5,95.0,200,20453,189.8
acrobot-partial,flash-shallow,3,0.0,95.0,200,20453,136.2
acrobot-partial,flash-deep,3,95.83333333333333,95.0,200,20453,161.2
acrobot-partial,mlp,4,0.0,100.0,200,20763,85.3
acrobot-partial,ctm,4,75.0,100.0,200,20763,150.0
acrobot-partial,lstm,4,58.333333333333336,100.0,200,20763,101.8
acrobot-partial,gru,4,70.83333333333333,100.0,200,20763,99.8
acrobot-partial,transformer,4,0.0,100.0,200,20763,232.3
acrobot-partial,flash,4,83.33333333333333,100.0,200,20763,191.1
acrobot-partial,flash-shallow,4,0.0,100.0,200,20763,137.1
acrobot-partial,flash-deep,4,70.83333333333333,100.0,200,20763,162.3
pendulum,mlp,0,12.5,20.0,200,12314,54.8
pendulum,ctm,0,20.833333333333332,20.0,200,12314,95.2
pendulum,lstm,0,16.666666666666668,20.0,200,12314,68.0
pendulum,gru,0,29.166666666666668,20.0,200,12314,65.8
pendulum,transformer,0,20.833333333333332,20.0,200,12314,141.7
pendulum,flash,0,20.833333333333332,20.0,200,12314,117.6
pendulum,flash-shallow,0,16.666666666666668,20.0,200,12314,82.5
pendulum,flash-deep,0,20.833333333333332,20.0,200,12314,102.7
pendulum,mlp,1,16.666666666666668,25.0,200,12193,54.3
pendulum,ctm,1,12.5,25.0,200,12193,94.2
pendulum,lstm,1,20.833333333333332,25.0,200,12193,67.0
pendulum,gru,1,16.666666666666668,25.0,200,12193,64.8
pendulum,transformer,1,16.666666666666668,25.0,200,12193,138.6
pendulum,flash,1,16.666666666666668,25.0,200,12193,115.3
pendulum,flash-shallow,1,16.666666666666668,25.0,200,12193,81.6
pendulum,flash-deep,1,12.5,25.0,200,12193,101.4
pendulum,mlp,2,16.666666666666668,20.0,200,12220,54.7
pendulum,ctm,2,20.833333333333332,20.0,200,12220,94.3
pendulum,lstm,2,16.666666666666668,20.0,200,12220,68.0
pendulum,gru,2,20.833333333333332,20.0,200,12220,65.9
pendulum,transformer,2,16.666666666666668,20.0,200,12220,140.2
pendulum,flash,2,12.5,20.0,200,12220,116.6
pendulum,flash-shallow,2,12.5,20.0,200,12220,82.0
pendulum,flash-deep,2,16.666666666666668,20.0,200,12220,101.1
pendulum,mlp,3,25.0,15.0,200,12267,55.5
pendulum,ctm,3,16.666666666666668,15.0,200,12267,95.6
pendulum,lstm,3,20.833333333333332,15.0,200,12267,68.5
pendulum,gru,3,20.833333333333332,15.0,200,12267,66.2
pendulum,transformer,3,20.833333333333332,15.0,200,12267,140.9
pendulum,flash,3,16.666666666666668,15.0,200,12267,116.9
pendulum,flash-shallow,3,20.833333333333332,15.0,200,12267,82.6
pendulum,flash-deep,3,25.0,15.0,200,12267,102.3
pendulum,mlp,4,16.666666666666668,20.0,200,12249,54.6
pendulum,ctm,4,20.833333333333332,20.0,200,12249,94.6
pendulum,lstm,4,12.5,20.0,200,12249,68.8
pendulum,gru,4,29.166666666666668,20.0,200,12249,66.6
pendulum,transformer,4,16.666666666666668,20.0,200,12249,141.2
pendulum,flash,4,25.0,20.0,200,12249,117.8
pendulum,flash-shallow,4,16.666666666666668,20.0,200,12249,81.9
pendulum,flash-deep,4,20.833333333333332,20.0,200,12249,101.3
pendulum-partial,mlp,0,20.833333333333332,20.0,200,12314,60.4
pendulum-partial,ctm,0,25.0,20.0,200,12314,99.2
pendulum-partial,lstm,0,25.0,20.0,200,12314,69.3
pendulum-partial,gru,0,20.833333333333332,20.0,200,12314,67.6
pendulum-partial,transformer,0,12.5,20.0,200,12314,147.5
pendulum-partial,flash,0,25.0,20.0,200,12314,121.9
pendulum-partial,flash-shallow,0,20.833333333333332,20.0,200,12314,83.7
pendulum-partial,flash-deep,0,16.666666666666668,20.0,200,12314,106.6
pendulum-partial,mlp,1,12.5,25.0,200,12193,54.2
pendulum-partial,ctm,1,16.666666666666668,25.0,200,12193,97.1
pendulum-partial,lstm,1,16.666666666666668,25.0,200,12193,70.7
pendulum-partial,gru,1,20.833333333333332,25.0,200,12193,67.7
pendulum-partial,transformer,1,16.666666666666668,25.0,200,12193,142.4
pendulum-partial,flash,1,20.833333333333332,25.0,200,12193,118.3
pendulum-partial,flash-shallow,1,16.666666666666668,25.0,200,12193,83.9
pendulum-partial,flash-deep,1,20.833333333333332,25.0,200,12193,103.3
pendulum-partial,mlp,2,20.833333333333332,20.0,200,12220,54.5
pendulum-partial,ctm,2,16.666666666666668,20.0,200,12220,97.9
pendulum-partial,lstm,2,12.5,20.0,200,12220,70.0
pendulum-partial,gru,2,16.666666666666668,20.0,200,12220,68.4
pendulum-partial,transformer,2,20.833333333333332,20.0,200,12220,143.1
pendulum-partial,flash,2,16.666666666666668,20.0,200,12220,120.6
pendulum-partial,flash-shallow,2,16.666666666666668,20.0,200,12220,84.0
pendulum-partial,flash-deep,2,16.666666666666668,20.0,200,12220,105.1
pendulum-partial,mlp,3,20.833333333333332,15.0,200,12267,55.6
pendulum-partial,ctm,3,29.166666666666668,15.0,200,12267,96.9
pendulum-partial,lstm,3,25.0,15.0,200,12267,70.3
pendulum-partial,gru,3,25.0,15.0,200,12267,68.0
pendulum-partial,transformer,3,20.833333333333332,15.0,200,12267,144.5
pendulum-partial,flash,3,29.166666666666668,15.0,200,12267,118.9
pendulum-partial,flash-shallow,3,25.0,15.0,200,12267,82.8
pendulum-partial,flash-deep,3,20.833333333333332,15.0,200,12267,103.5
pendulum-partial,mlp,4,20.833333333333332,20.0,200,12249,54.9
pendulum-partial,ctm,4,20.833333333333332,20.0,200,12249,95.6
pendulum-partial,lstm,4,25.0,20.0,200,12249,67.7
pendulum-partial,gru,4,20.833333333333332,20.0,200,12249,66.1
pendulum-partial,transformer,4,20.833333333333332,20.0,200,12249,140.1
pendulum-partial,flash,4,25.0,20.0,200,12249,118.3
pendulum-partial,flash-shallow,4,16.666666666666668,20.0,200,12249,82.4
pendulum-partial,flash-deep,4,25.0,20.0,200,12249,101.6
cartpole,mlp,0,37.5,50.0,200,14881,37.2
cartpole,ctm,0,37.5,50.0,200,14881,67.6
cartpole,lstm,0,37.5,50.0,200,14881,47.0
cartpole,gru,0,37.5,50.0,200,14881,45.9
cartpole,transformer,0,37.5,50.0,200,14881,100.9
cartpole,flash,0,37.5,50.0,200,14881,85.1
cartpole,flash-shallow,0,37.5,50.0,200,14881,57.1
cartpole,flash-deep,0,37.5,50.0,200,14881,72.9
cartpole,mlp,1,37.5,50.0,200,14771,36.5
cartpole,ctm,1,41.666666666666664,50.0,200,14771,67.0
cartpole,lstm,1,37.5,50.0,200,14771,46.5
cartpole,gru,1,37.5,50.0,200,14771,44.5
cartpole,transformer,1,37.5,50.0,200,14771,99.2
cartpole,flash,1,37.5,50.0,200,14771,83.1
cartpole,flash-shallow,1,37.5,50.0,200,14771,55.7
cartpole,flash-deep,1,37.5,50.0,200,14771,72.0
cartpole,mlp,2,37.5,50.0,200,14871,37.0
cartpole,ctm,2,37.5,50.0,200,14871,67.9
cartpole,lstm,2,37.5,50.0,200,14871,47.0
cartpole,gru,2,37.5,50.0,200,14871,45.5
cartpole,transformer,2,37.5,50.0,200,14871,100.9
cartpole,flash,2,37.5,50.0,200,14871,83.8
cartpole,flash-shallow,2,37.5,50.0,200,14871,56.9
cartpole,flash-deep,2,37.5,50.0,200,14871,73.2
cartpole,mlp,3,41.666666666666664,50.0,200,14790,36.6
cartpole,ctm,3,41.666666666666664,50.0,200,14790,65.4
cartpole,lstm,3,41.666666666666664,50.0,200,14790,45.2
cartpole,gru,3,41.666666666666664,50.0,200,14790,45.3
cartpole,transformer,3,41.666666666666664,50.0,200,14790,97.9
cartpole,flash,3,41.666666666666664,50.0,200,14790,81.0
cartpole,flash-shallow,3,41.666666666666664,50.0,200,14790,54.6
cartpole,flash-deep,3,41.666666666666664,50.0,200,14790,71.6
cartpole,mlp,4,41.666666666666664,50.0,200,14870,36.4
cartpole,ctm,4,41.666666666666664,50.0,200,14870,66.1
cartpole,lstm,4,41.666666666666664,50.0,200,14870,46.3
cartpole,gru,4,41.666666666666664,50.0,200,14870,44.6
cartpole,transformer,4,41.666666666666664,50.0,200,14870,98.5
cartpole,flash,4,41.666666666666664,50.0,200,14870,81.8
cartpole,flash-shallow,4,41.666666666666664,50.0,200,14870,55.5
cartpole,flash-deep,4,41.666666666666664,50.0,200,14870,72.1
cartpole-partial,mlp,0,45.833333333333336,50.0,200,14881,36.9
cartpole-partial,ctm,0,37.5,50.0,200,14881,66.9
cartpole-partial,lstm,0,41.666666666666664,50.0,200,14881,47.1
cartpole-partial,gru,0,37.5,50.0,200,14881,45.6
cartpole-partial,transformer,0,41.666666666666664,50.0,200,14881,102.1
cartpole-partial,flash,0,41.666666666666664,50.0,200,14881,83.4
cartpole-partial,flash-shallow,0,45.833333333333336,50.0,200,14881,56.8
cartpole-partial,flash-deep,0,41.666666666666664,50.0,200,14881,73.6
cartpole-partial,mlp,1,37.5,50.0,200,14771,36.3
cartpole-partial,ctm,1,33.333333333333336,50.0,200,14771,67.0
cartpole-partial,lstm,1,58.333333333333336,50.0,200,14771,46.7
cartpole-partial,gru,1,58.333333333333336,50.0,200,14771,45.6
cartpole-partial,transformer,1,33.333333333333336,50.0,200,14771,99.4
cartpole-partial,flash,1,50.0,50.0,200,14771,82.6
cartpole-partial,flash-shallow,1,37.5,50.0,200,14771,55.8
cartpole-partial,flash-deep,1,33.333333333333336,50.0,200,14771,73.1
cartpole-partial,mlp,2,37.5,50.0,200,14871,36.9
cartpole-partial,ctm,2,33.333333333333336,50.0,200,14871,67.9
cartpole-partial,lstm,2,37.5,50.0,200,14871,47.3
cartpole-partial,gru,2,37.5,50.0,200,14871,45.6
cartpole-partial,transformer,2,33.333333333333336,50.0,200,14871,100.8
cartpole-partial,flash,2,37.5,50.0,200,14871,82.8
cartpole-partial,flash-shallow,2,37.5,50.0,200,14871,56.4
cartpole-partial,flash-deep,2,41.666666666666664,50.0,200,14871,72.4
cartpole-partial,mlp,3,45.833333333333336,50.0,200,14790,36.0
cartpole-partial,ctm,3,45.833333333333336,50.0,200,14790,65.9
cartpole-partial,lstm,3,37.5,50.0,200,14790,45.3
cartpole-partial,gru,3,37.5,50.0,200,14790,44.8
cartpole-partial,transformer,3,45.833333333333336,50.0,200,14790,96.6
cartpole-partial,flash,3,41.666666666666664,50.0,200,14790,81.1
cartpole-partial,flash-shallow,3,45.833333333333336,50.0,200,14790,54.6
cartpole-partial,flash-deep,3,45.833333333333336,50.0,200,14790,69.7
cartpole-partial,mlp,4,41.666666666666664,50.0,200,14870,37.1
cartpole-partial,ctm,4,45.833333333333336,50.0,200,14870,66.7
cartpole-partial,lstm,4,41.666666666666664,50.0,200,14870,46.9
cartpole-partial,gru,4,45.833333333333336,50.0,200,14870,44.5
cartpole-partial,transformer,4,41.666666666666664,50.0,200,14870,99.6
cartpole-partial,flash,4,41.666666666666664,50.0,200,14870,82.0
cartpole-partial,flash-shallow,4,41.666666666666664,50.0,200,14870,57.2
cartpole-partial,flash-deep,4,45.833333333333336,50.0,200,14870,71.6
