stage,exp,task,sweep,seed,status,ckpt,n_points,final_iter,final_test_acc,best_test_acc,final_train_acc,best_train_acc,final_test_acc_mc,best_test_acc_mc,final_test_loss,d_model,heads,memory_hidden_dims,synapse_depth,n_ticks,length,neuron_select_type,batch_size,learning_rate,jepa_weight,jepa_loss_type,jepa_predict_delta,cross_tick_jepa_weight,sparsity,halt_threshold,halt_confidence_weight,halt_mode,loss_type,loss_aggregation,reflex_weight
baseline,cifar10_baseline_s0,cifar10,baseline,0,ok,checkpoint.pt,101,200000,0.7004119999999999,0.7344339999999998,0.69145234375,0.69840859375,0.8373,0.8381,0.41442991346120833,256,16,64,5,,,random-pairing,512,,,,,0.0,,,,,softmax_ce,,0.1
baseline,cifar10_baseline_s2,cifar10,baseline,2,ok,checkpoint.pt,101,200000,0.6938159999999999,0.7028679999999998,0.7214367187499999,0.7296851562500001,0.8452,0.8487,0.49651951491832735,256,16,64,5,,,random-pairing,512,,,,,0.0,,,,,softmax_ce,,0.1
baseline,cifar10_baseline_s4,cifar10,baseline,4,ok,checkpoint.pt,101,200000,0.6682099999999999,0.6818579999999999,0.6981085937500001,0.70283671875,0.8473,0.8493,0.4847794696688652,256,16,64,5,,,random-pairing,512,,,,,0.0,,,,,softmax_ce,,0.1
baseline,cifar10_baseline_s3,cifar10,baseline,3,ok,checkpoint.pt,101,200000,0.7022899999999999,0.7130679999999999,0.6927898437500001,0.6983117187500001,0.8402,0.842,0.43235558420419695,256,16,64,5,,,random-pairing,512,,,,,0.0,,,,,softmax_ce,,0.1
baseline,cifar10_baseline_s1,cifar10,baseline,1,ok,checkpoint.pt,101,200000,0.541334,0.6197579999999999,0.5026390625,0.567153125,0.8328,0.8335,0.34793530851602555,256,16,64,5,,,random-pairing,512,,,,,0.0,,,,,softmax_ce,,0.1
baseline,sort_baseline_s0,sort,baseline,0,ok,checkpoint.pt,101,100000,0.8125,0.8753472222222223,0.8597222222222223,0.8986111111111111,,,0.0482308113326629,512,4,4,4,,,random-pairing,32,,,,,0.0,,,,,softmax_ce,,0.1
baseline,sort_baseline_s1,sort,baseline,1,ok,checkpoint.pt,101,100000,0.9166666666666666,0.9545138888888889,0.9072916666666667,0.9371527777777777,,,0.03447251208126545,512,4,4,4,,,random-pairing,32,,,,,0.0,,,,,softmax_ce,,0.1
baseline,qamnist_baseline_s4,qamnist,baseline,4,ok,checkpoint_200000.pt,201,200000,0.18119264632936508,0.5716964285714285,0.9149925595238095,0.9260230654761905,0.7483258928571429,0.9964657738095238,0.521141767501831,1024,4,16,1,,,random,64,,,,,0.0,,,,,softmax_ce,,0.1
baseline,parity_baseline_s3,parity,baseline,3,ok,checkpoint_200000.pt,201,200000,0.6891910807291668,0.7336679997519842,0.6888046797495039,0.7333140733506944,1.0,1.0,2.4738179758644815e-10,1024,8,16,1,,,random,64,,,,,0.0,,,,,softmax_ce,,0.1
baseline,qamnist_baseline_s0,qamnist,baseline,0,ok,checkpoint_200000.pt,201,200000,0.2341331845238095,0.36624391233766235,0.9204799107142858,0.9319754464285713,0.9799107142857143,0.9953497023809523,0.13475361670411767,1024,4,16,1,,,random,64,,,,,0.0,,,,,softmax_ce,,0.1
baseline,parity_baseline_s4,parity,baseline,4,ok,checkpoint_200000.pt,201,200000,0.6756326729910714,0.6769445607018849,0.6749485367063492,0.6763177393353175,0.9999069940476191,0.9999709356398809,0.00019784355614438893,1024,8,16,1,,,random,64,,,,,0.0,,,,,softmax_ce,,0.1
baseline,qamnist_baseline_s3,qamnist,baseline,3,ok,checkpoint_200000.pt,201,200000,0.17928571428571427,0.3828390731292517,0.8797247023809524,0.9456473214285716,0.9827008928571429,0.9968377976190477,0.09328800544054025,1024,4,16,1,,,random,64,,,,,0.0,,,,,softmax_ce,,0.1
baseline,parity_baseline_s2,parity,baseline,2,ok,checkpoint_200000.pt,201,200000,0.6491181098090277,0.6848913380456351,0.6492750961061509,0.6850835503472222,0.9999360584077381,0.9999447777157738,0.00016817393450418465,1024,8,16,1,,,random,64,,,,,0.0,,,,,softmax_ce,,0.1
baseline,parity_baseline_s1,parity,baseline,1,ok,checkpoint_200000.pt,201,200000,0.707051285032242,0.7077302672371032,0.7073894391741072,0.7076383076016864,0.9679797944568452,0.9689069475446429,0.04542304256132671,1024,8,16,1,,,random,64,,,,,0.0,,,,,softmax_ce,,0.1
baseline,qamnist_baseline_s2,qamnist,baseline,2,ok,checkpoint_200000.pt,201,200000,0.22798681972789114,0.28402423469387755,0.4662760416666666,0.946484375,0.9836309523809523,0.9947916666666666,0.09352885430590027,1024,4,16,1,,,random,64,,,,,0.0,,,,,softmax_ce,,0.1
baseline,parity_baseline_s0,parity,baseline,0,ok,checkpoint_200000.pt,201,200000,0.6797026909722222,0.6797130766369047,0.6792320421006945,0.679769035218254,0.8803681873139881,0.8820684523809523,0.16327074382986342,1024,8,16,1,,,random,64,,,,,0.0,,,,,softmax_ce,,0.1
baseline,sort_baseline_s2,sort,baseline,2,ok,checkpoint.pt,101,100000,0.8888888888888888,0.9461805555555556,0.8760416666666667,0.9072916666666667,,,0.04546785354614258,512,4,4,4,,,random-pairing,32,,,,,0.0,,,,,softmax_ce,,0.1
baseline,sort_baseline_s4,sort,baseline,4,ok,checkpoint.pt,101,100000,0.796875,0.8552083333333333,0.8309027777777778,0.8565972222222222,,,0.0563298724591732,512,4,4,4,,,random-pairing,32,,,,,0.0,,,,,softmax_ce,,0.1
jepa,cifar10_jepa_w0p1_s0,cifar10,jepa_w0p1,0,ok,checkpoint.pt,101,200000,0.699932,0.725592,0.686146875,0.7020421874999999,0.845,0.8452,0.4937027782201767,256,16,64,5,,,random-pairing,512,,,,,0.1,,,,,softmax_ce,,0.1
baseline,sort_baseline_s3,sort,baseline,3,ok,checkpoint.pt,101,100000,0.8430555555555556,0.8944444444444445,0.8527777777777777,0.8920138888888889,,,0.04252906143665314,512,4,4,4,,,random-pairing,32,,,,,0.0,,,,,softmax_ce,,0.1
baseline,qamnist_baseline_s1,qamnist,baseline,1,ok,checkpoint_200000.pt,201,200000,0.2403715587797619,0.3365547213203463,0.930078125,0.943080357142857,0.9821428571428571,0.9951636904761905,0.09821499103591555,1024,4,16,1,,,random,64,,,,,0.0,,,,,softmax_ce,,0.1
jepa,cifar10_jepa_w0p1_s2,cifar10,jepa_w0p1,2,ok,checkpoint.pt,101,200000,0.7268000000000001,0.749478,0.70918515625,0.72231875,0.845,0.8454,0.43242932856082916,256,16,64,5,,,random-pairing,512,,,,,0.1,,,,,softmax_ce,,0.1
jepa,cifar10_jepa_w0p1_s1,cifar10,jepa_w0p1,1,ok,checkpoint.pt,101,200000,0.646444,0.6755920000000001,0.638628125,0.6626164062499998,0.8439,0.8439,0.4736130639910698,256,16,64,5,,,random-pairing,512,,,,,0.1,,,,,softmax_ce,,0.1
jepa,cifar10_jepa_w0p1_s3,cifar10,jepa_w0p1,3,ok,checkpoint.pt,101,200000,0.7362219999999999,0.7381760000000002,0.72101640625,0.7259515624999999,0.8438,0.8453,0.3985244378447533,256,16,64,5,,,random-pairing,512,,,,,0.1,,,,,softmax_ce,,0.1
jepa,cifar10_jepa_w0p1_s4,cifar10,jepa_w0p1,4,ok,checkpoint.pt,101,200000,0.7664240000000001,0.788692,0.7748367187500002,0.7970734375,0.8383,0.8422,0.4685945317149162,256,16,64,5,,,random-pairing,512,,,,,0.1,,,,,softmax_ce,,0.1
revise,cifar10_revise_w0.2_cp0.3_s0,cifar10,revise_w0.2_cp0.3,0,ok,checkpoint.pt,101,200000,0.656868,0.7015319999999998,0.6744734375,0.7158992187500001,0.8474,0.8481,0.48969580680131913,256,16,64,5,,,random-pairing,512,,,,,0.0,,,,,softmax_ce,,0.1
jepa,qamnist_jepa_w0p5_s1,qamnist,jepa_w0p5,1,ok,checkpoint_200000.pt,201,200000,0.2995233444940476,0.6145238095238095,0.9115885416666668,0.9772321428571427,0.9836309523809523,0.9946056547619048,0.109742225546922,1024,4,16,1,,,random,64,,,,,0.5,,,,,softmax_ce,,0.1
revise,cifar10_revise_w0.2_cp0.3_s1,cifar10,revise_w0.2_cp0.3,1,ok,checkpoint.pt,101,200000,0.6863079999999999,0.731986,0.6387625,0.6833984375,0.7815,0.8277,0.4849597901105881,256,16,64,5,,,random-pairing,512,,,,,0.0,,,,,softmax_ce,,0.1
jepa,qamnist_jepa_w0p5_s0,qamnist,jepa_w0p5,0,ok,checkpoint_200000.pt,201,200000,0.2931501116071429,0.4403544372294373,0.9370535714285715,0.9688616071428571,0.9834449404761905,0.9964657738095238,0.11843452852086297,1024,4,16,1,,,random,64,,,,,0.5,,,,,softmax_ce,,0.1
jepa,qamnist_jepa_w0p5_s2,qamnist,jepa_w0p5,2,ok,checkpoint_200000.pt,201,200000,0.41767644557823136,0.45865752551020406,0.7108816964285715,0.9797619047619047,0.9866071428571429,0.9947916666666666,0.09952614846683684,1024,4,16,1,,,random,64,,,,,0.5,,,,,softmax_ce,,0.1
jepa,qamnist_jepa_w0p5_s4,qamnist,jepa_w0p5,4,ok,checkpoint_200000.pt,201,200000,0.14328962053571428,0.4908854166666667,0.9451264880952381,0.9839843750000001,0.7408854166666666,0.9975818452380952,0.5281042257944742,1024,4,16,1,,,random,64,,,,,0.5,,,,,softmax_ce,,0.1
jepa,qamnist_jepa_w0p5_s3,qamnist,jepa_w0p5,3,ok,checkpoint_200000.pt,201,200000,0.2592447916666667,0.3886851615646258,0.828218005952381,0.9580729166666666,0.9735863095238095,0.9940476190476191,0.16542213481096996,1024,4,16,1,,,random,64,,,,,0.5,,,,,softmax_ce,,0.1
revise,cifar10_revise_w0.2_cp0.3_s2,cifar10,revise_w0.2_cp0.3,2,ok,checkpoint.pt,101,200000,0.74274,0.76036,0.7725304687500001,0.7782281249999999,0.8488,0.8501,0.48127563297748566,256,16,64,5,,,random-pairing,512,,,,,0.0,,,,,softmax_ce,,0.1
revise,cifar10_revise_w0.2_cp0.3_s3,cifar10,revise_w0.2_cp0.3,3,ok,checkpoint.pt,101,200000,0.6695039999999999,0.6890160000000001,0.66642109375,0.67817734375,0.8337,0.8375,0.48897810876369474,256,16,64,5,,,random-pairing,512,,,,,0.0,,,,,softmax_ce,,0.1
revise,cifar10_revise_w0.2_cp0.3_s4,cifar10,revise_w0.2_cp0.3,4,ok,checkpoint.pt,101,200000,0.6290079999999999,0.6587200000000002,0.61687890625,0.6360789062500001,0.8379,0.8397,0.4221833273768425,256,16,64,5,,,random-pairing,512,,,,,0.0,,,,,softmax_ce,,0.1
revise,parity_revise_w0.1_cp0.15_s0,parity,revise_w0.1_cp0.15,0,ok,checkpoint_200000.pt,201,200000,0.6776450892857143,0.6804937065972222,0.6778526863219245,0.6807013423859127,0.9329659598214286,0.9334571475074405,0.08740310761190596,1024,8,16,1,,,random,64,,,,,0.0,,,,,softmax_ce,,0.1
revise,parity_revise_w0.1_cp0.15_s1,parity,revise_w0.1_cp0.15,1,ok,checkpoint_200000.pt,201,200000,0.7453201342385912,0.7482005673363097,0.7449935283358134,0.7481482902405754,0.9999912806919643,1.0,1.765145018265254e-05,1024,8,16,1,,,random,64,,,,,0.0,,,,,softmax_ce,,0.1
revise,parity_revise_w0.1_cp0.15_s2,parity,revise_w0.1_cp0.15,2,ok,checkpoint_200000.pt,201,200000,0.6770507037450396,0.6773651801215278,0.6769358026413691,0.6773145306299604,0.9630679175967262,0.9630708240327381,0.053331542582738964,1024,8,16,1,,,random,64,,,,,0.0,,,,,softmax_ce,,0.1
baseline,mazes_baseline_s3,mazes,baseline,3,ok,checkpoint.pt,100,100000,0.8829529333333335,0.8859,0.9057128645833333,0.9090653125,0.89596,0.89665,0.3534739837050438,2048,16,32,8,,,first-last,64,,,,,0.0,,,,,softmax_ce,,0.1
revise,parity_revise_w0.1_cp0.15_s3,parity,revise_w0.1_cp0.15,3,ok,checkpoint_200000.pt,201,200000,0.7451939174107144,0.7488606383308531,0.7452313910590278,0.7485343812003968,0.9999593098958334,1.0,0.00016237915682942638,1024,8,16,1,,,random,64,,,,,0.0,,,,,softmax_ce,,0.1
sparsity,cifar10_sparsity0p1_s0,cifar10,sparsity0p1,0,ok,checkpoint.pt,101,200000,0.6731159999999999,0.716874,0.65802734375,0.6825203125,0.8329,0.8353,0.44416564106941225,256,16,64,5,,,random-pairing,512,,,,,0.0,,,,,softmax_ce,,0.1
sparsity,cifar10_sparsity0p1_s1,cifar10,sparsity0p1,1,ok,checkpoint.pt,101,200000,0.725362,0.754114,0.73614921875,0.75042734375,0.8316,0.8326,0.5001901790499688,256,16,64,5,,,random-pairing,512,,,,,0.0,,,,,softmax_ce,,0.1
sparsity,cifar10_sparsity0p1_s2,cifar10,sparsity0p1,2,ok,checkpoint.pt,101,200000,0.680742,0.7115880000000001,0.6675968750000001,0.6837484374999999,0.8448,0.8452,0.5004896938800811,256,16,64,5,,,random-pairing,512,,,,,0.0,,,,,softmax_ce,,0.1
baseline,mazes_baseline_s2,mazes,baseline,2,ok,checkpoint.pt,100,100000,0.8493748,0.8810058666666667,0.86703515625,0.9069408854166666,0.87687,0.89001,0.43903956562280655,2048,16,32,8,,,first-last,64,,,,,0.0,,,,,softmax_ce,,0.1
baseline,mazes_baseline_s0,mazes,baseline,0,ok,checkpoint.pt,100,100000,0.9020486666666666,0.9022473333333334,0.9227618229166668,0.9255577604166667,0.90985,0.9107,0.3001850936561823,2048,16,32,8,,,first-last,64,,,,,0.0,,,,,softmax_ce,,0.1
sparsity,cifar10_sparsity0p1_s4,cifar10,sparsity0p1,4,ok,checkpoint.pt,101,200000,0.626016,0.671558,0.6349304687499999,0.6647109375,0.8443,0.8443,0.47274480313062667,256,16,64,5,,,random-pairing,512,,,,,0.0,,,,,softmax_ce,,0.1
sparsity,cifar10_sparsity0p25_s0,cifar10,sparsity0p25,0,ok,checkpoint.pt,101,200000,0.6753379999999999,0.697842,0.6865875,0.7049734375000001,0.8464,0.849,0.4926906436681747,256,16,64,5,,,random-pairing,512,,,,,0.0,,,,,softmax_ce,,0.1
baseline,mazes_baseline_s1,mazes,baseline,1,ok,checkpoint.pt,100,100000,0.8997276000000001,0.8999797333333334,0.9414331250000001,0.9433447395833334,0.90966,0.91025,0.47910983115434647,2048,16,32,8,,,first-last,64,,,,,0.0,,,,,softmax_ce,,0.1
sparsity,cifar10_sparsity0p1_s3,cifar10,sparsity0p1,3,ok,checkpoint.pt,101,200000,0.618836,0.65307,0.5782453125,0.600559375,0.8308,0.8328,0.37226453721523284,256,16,64,5,,,random-pairing,512,,,,,0.0,,,,,softmax_ce,,0.1
baseline,mazes_baseline_s4,mazes,baseline,4,ok,checkpoint.pt,100,100000,0.8826534666666667,0.883122,0.9075922916666668,0.9093638020833333,0.89392,0.89473,0.3829147554934025,2048,16,32,8,,,first-last,64,,,,,0.0,,,,,softmax_ce,,0.1
revise,parity_revise_w0.1_cp0.15_s4,parity,revise_w0.1_cp0.15,4,ok,checkpoint_200000.pt,201,200000,0.7439499240451388,0.7508119419642857,0.7437854972718254,0.7506455775669642,0.9999534970238095,1.0,0.0002394474714340807,1024,8,16,1,,,random,64,,,,,0.0,,,,,softmax_ce,,0.1
jepa,mazes_jepa_w0p1_s2,mazes,jepa_w0p1,2,ok,checkpoint.pt,100,100000,0.8981377333333334,0.8982268,0.9267040624999999,0.9267452083333334,0.90539,0.90539,0.35594531148672104,2048,16,32,8,,,first-last,64,,,,,0.1,,,,,softmax_ce,,0.1
sparsity,cifar10_sparsity0p25_s2,cifar10,sparsity0p25,2,ok,checkpoint.pt,101,200000,0.66369,0.7206560000000001,0.6659156249999999,0.7021984375,0.8418,0.8432,0.4878150403499603,256,16,64,5,,,random-pairing,512,,,,,0.0,,,,,softmax_ce,,0.1
sparsity,cifar10_sparsity0p25_s1,cifar10,sparsity0p25,1,ok,checkpoint.pt,101,200000,0.6180559999999999,0.638256,0.56672890625,0.58581171875,0.8391,0.8405,0.371957366168499,256,16,64,5,,,random-pairing,512,,,,,0.0,,,,,softmax_ce,,0.1
sparsity,cifar10_sparsity0p5_s0,cifar10,sparsity0p5,0,ok,checkpoint.pt,101,200000,0.6677160000000001,0.7190979999999999,0.6645906249999999,0.687121875,0.851,0.851,0.467278328537941,256,16,64,5,,,random-pairing,512,,,,,0.0,,,,,softmax_ce,,0.1
sparsity,cifar10_sparsity0p25_s3,cifar10,sparsity0p25,3,ok,checkpoint.pt,101,200000,0.6144240000000001,0.629068,0.60370703125,0.6128523437500001,0.845,0.8465,0.47668131440877914,256,16,64,5,,,random-pairing,512,,,,,0.0,,,,,softmax_ce,,0.1
sparsity,cifar10_sparsity0p25_s4,cifar10,sparsity0p25,4,ok,checkpoint.pt,101,200000,0.668506,0.727066,0.6659148437500001,0.7143765624999999,0.8359,0.839,0.4997086897492409,256,16,64,5,,,random-pairing,512,,,,,0.0,,,,,softmax_ce,,0.1
jepa,mazes_jepa_w0p1_s4,mazes,jepa_w0p1,4,ok,checkpoint.pt,100,100000,0.8872381333333333,0.8875274666666667,0.9107005208333333,0.9137886979166667,0.89362,0.89442,0.3731469362974167,2048,16,32,8,,,first-last,64,,,,,0.1,,,,,softmax_ce,,0.1
revise,mazes_revise_w0.1_cp0.15_s3,mazes,revise_w0.1_cp0.15,3,ok,checkpoint.pt,100,100000,0.8953945333333332,0.8955233333333332,0.9307814062499999,0.93468671875,0.90274,0.90324,0.4161592349410057,2048,16,32,8,,,first-last,64,,,,,0.0,,,,,softmax_ce,,0.1
sparsity,cifar10_sparsity0p75_s1,cifar10,sparsity0p75,1,ok,checkpoint.pt,37,72000,0.7051580000000002,0.7051580000000002,0.7049335937500001,0.7049335937500001,0.8347,0.8395,0.4887620106339455,256,16,64,5,,,random-pairing,512,,,,,0.0,,,,,softmax_ce,,0.1
sparsity,cifar10_sparsity0p5_s4,cifar10,sparsity0p5,4,ok,checkpoint.pt,37,72000,0.646734,0.668544,0.6383843750000001,0.65717578125,0.8328,0.8345,0.4706027865409851,256,16,64,5,,,random-pairing,512,,,,,0.0,,,,,softmax_ce,,0.1
sparsity,cifar10_sparsity0p5_s3,cifar10,sparsity0p5,3,ok,checkpoint.pt,101,200000,0.6868940000000001,0.713836,0.6656601562500001,0.6999757812499999,0.8381,0.8394,0.4445191413164139,256,16,64,5,,,random-pairing,512,,,,,0.0,,,,,softmax_ce,,0.1
jepa,mazes_jepa_w0p1_s0,mazes,jepa_w0p1,0,ok,checkpoint.pt,100,100000,0.9052106666666666,0.9056289333333334,0.9483198958333334,0.9483198958333334,0.91327,0.91419,0.4243420362472534,2048,16,32,8,,,first-last,64,,,,,0.1,,,,,softmax_ce,,0.1
jepa,mazes_jepa_w0p1_s1,mazes,jepa_w0p1,1,ok,checkpoint.pt,100,100000,0.8922961333333332,0.8923144000000001,0.9265778645833334,0.9297341666666668,0.90383,0.90475,0.40995293855667114,2048,16,32,8,,,first-last,64,,,,,0.1,,,,,softmax_ce,,0.1
sparsity,cifar10_sparsity0p5_s1,cifar10,sparsity0p5,1,ok,checkpoint.pt,101,200000,0.610814,0.6666040000000001,0.6183375,0.65104453125,0.8458,0.8466,0.4947107881307602,256,16,64,5,,,random-pairing,512,,,,,0.0,,,,,softmax_ce,,0.1
sparsity,cifar10_sparsity0p75_s2,cifar10,sparsity0p75,2,ok,checkpoint.pt,37,72000,0.585728,0.630888,0.53792578125,0.577434375,0.8161,0.8165,0.36537575125694277,256,16,64,5,,,random-pairing,512,,,,,0.0,,,,,softmax_ce,,0.1
sparsity,cifar10_sparsity0p75_s0,cifar10,sparsity0p75,0,ok,checkpoint.pt,38,74000,0.62218,0.701946,0.6118484375,0.6561703125,0.8318,0.8342,0.4280924990773201,256,16,64,5,,,random-pairing,512,,,,,0.0,,,,,softmax_ce,,0.1
sparsity,cifar10_sparsity0p5_s2,cifar10,sparsity0p5,2,ok,checkpoint.pt,101,200000,0.698966,0.7417839999999998,0.7073539062499999,0.7308242187499999,0.8422,0.8441,0.5029152527451515,256,16,64,5,,,random-pairing,512,,,,,0.0,,,,,softmax_ce,,0.1
jepa,mazes_jepa_w0p1_s3,mazes,jepa_w0p1,3,ok,checkpoint.pt,100,100000,0.8710402666666667,0.8710402666666667,0.8910695312500001,0.8917174479166666,0.88056,0.88056,0.40089816600084305,2048,16,32,8,,,first-last,64,,,,,0.1,,,,,softmax_ce,,0.1
sparsity,cifar10_sparsity0p75_s4,cifar10,sparsity0p75,4,ok,checkpoint.pt,35,68000,0.600438,0.6369739999999999,0.56056484375,0.5874578125,0.7824,0.823,0.43783223032951357,256,16,64,5,,,random-pairing,512,,,,,0.0,,,,,softmax_ce,,0.1
sparsity,cifar10_sparsity0p75_s3,cifar10,sparsity0p75,3,ok,checkpoint.pt,36,70000,0.6188359999999999,0.670814,0.5597390624999999,0.61981171875,0.788,0.817,0.4200327455997467,256,16,64,5,,,random-pairing,512,,,,,0.0,,,,,softmax_ce,,0.1
revise,mazes_revise_w0.1_cp0.15_s1,mazes,revise_w0.1_cp0.15,1,ok,checkpoint.pt,100,100000,0.8901125333333333,0.8984070666666667,0.9230125520833333,0.9315620833333333,0.90688,0.90899,0.34704817458987236,2048,16,32,8,,,first-last,64,,,,,0.0,,,,,softmax_ce,,0.1
revise,mazes_revise_w0.1_cp0.15_s0,mazes,revise_w0.1_cp0.15,0,ok,checkpoint.pt,100,100000,0.8965629333333334,0.8970922666666666,0.9194268229166667,0.9225313020833333,0.90245,0.9043,0.337132778018713,2048,16,32,8,,,first-last,64,,,,,0.0,,,,,softmax_ce,,0.1
revise,mazes_revise_w0.1_cp0.15_s4,mazes,revise_w0.1_cp0.15,4,ok,checkpoint.pt,100,100000,0.8830530666666666,0.8846752,0.8989656770833334,0.90505296875,0.89329,0.89556,0.34702425077557564,2048,16,32,8,,,first-last,64,,,,,0.0,,,,,softmax_ce,,0.1
revise,mazes_revise_w0.1_cp0.15_s2,mazes,revise_w0.1_cp0.15,2,ok,checkpoint.pt,100,100000,0.8940763999999999,0.8945108,0.9261844791666668,0.9289305208333334,0.90029,0.90254,0.3765631504356861,2048,16,32,8,,,first-last,64,,,,,0.0,,,,,softmax_ce,,0.1
sparsity,mazes_sparsity0p1_s3,mazes,sparsity0p1,3,ok,checkpoint.pt,100,100000,0.8847706666666666,0.8851870666666667,0.9158310416666667,0.9197198958333334,0.88883,0.88986,0.47872187942266464,2048,16,32,8,,,first-last,64,,,,,0.0,,,,,softmax_ce,,0.1
sparsity,mazes_sparsity0p1_s1,mazes,sparsity0p1,1,ok,checkpoint.pt,100,100000,0.8974502666666667,0.8981650666666667,0.9414255729166666,0.9432777083333335,0.9017,0.90364,0.47913769260048866,2048,16,32,8,,,first-last,64,,,,,0.0,,,,,softmax_ce,,0.1
sparsity,mazes_sparsity0p5_s0,mazes,sparsity0p5,0,ok,checkpoint.pt,100,100000,0.8954026666666667,0.8955749333333333,0.9169714583333333,0.9188794791666667,0.90127,0.90155,0.34664155915379524,2048,16,32,8,,,first-last,64,,,,,0.0,,,,,softmax_ce,,0.1
sparsity,mazes_sparsity0p5_s1,mazes,sparsity0p5,1,ok,checkpoint.pt,100,100000,0.9056678666666667,0.9057601333333334,0.9442744791666666,0.9451094791666668,0.91018,0.91138,0.42993082478642464,2048,16,32,8,,,first-last,64,,,,,0.0,,,,,softmax_ce,,0.1
sparsity,mazes_sparsity0p25_s4,mazes,sparsity0p25,4,ok,checkpoint.pt,100,100000,0.9016634666666666,0.9029472,0.960691875,0.9617321354166667,0.90614,0.90807,0.681610457599163,2048,16,32,8,,,first-last,64,,,,,0.0,,,,,softmax_ce,,0.1
sparsity,mazes_sparsity0p25_s2,mazes,sparsity0p25,2,ok,checkpoint.pt,100,100000,0.8802009333333333,0.8805014666666667,0.9110583333333333,0.9146771354166667,0.88812,0.88869,0.4466158449649811,2048,16,32,8,,,first-last,64,,,,,0.0,,,,,softmax_ce,,0.1
sparsity,mazes_sparsity0p25_s3,mazes,sparsity0p25,3,ok,checkpoint.pt,100,100000,0.896582,0.8969918666666667,0.94274453125,0.9454792708333333,0.90119,0.90266,0.5434774495661259,2048,16,32,8,,,first-last,64,,,,,0.0,,,,,softmax_ce,,0.1
sparsity,mazes_sparsity0p5_s2,mazes,sparsity0p5,2,ok,checkpoint.pt,100,100000,0.8916617333333333,0.8941149333333334,0.9314242708333332,0.934775,0.90098,0.90334,0.44421691447496414,2048,16,32,8,,,first-last,64,,,,,0.0,,,,,softmax_ce,,0.1
sparsity,mazes_sparsity0p1_s4,mazes,sparsity0p1,4,ok,checkpoint.pt,100,100000,0.8970346666666665,0.8982214666666667,0.9558366666666667,0.9564847916666666,0.90119,0.90387,0.6680158041417599,2048,16,32,8,,,first-last,64,,,,,0.0,,,,,softmax_ce,,0.1
sparsity,mazes_sparsity0p25_s0,mazes,sparsity0p25,0,ok,checkpoint.pt,100,100000,0.8925402666666666,0.8928174666666666,0.9225718229166666,0.92490734375,0.90248,0.90272,0.37812746688723564,2048,16,32,8,,,first-last,64,,,,,0.0,,,,,softmax_ce,,0.1
sparsity,mazes_sparsity0p1_s0,mazes,sparsity0p1,0,ok,checkpoint.pt,100,100000,0.880162,0.8853252,0.8970530729166667,0.9092436979166666,0.88744,0.89147,0.3718814477324486,2048,16,32,8,,,first-last,64,,,,,0.0,,,,,softmax_ce,,0.1
sparsity,mazes_sparsity0p1_s2,mazes,sparsity0p1,2,ok,checkpoint.pt,100,100000,0.8842597333333334,0.8845073333333334,0.91293453125,0.9152455208333334,0.8892,0.88946,0.45018838346004486,2048,16,32,8,,,first-last,64,,,,,0.0,,,,,softmax_ce,,0.1
sparsity,parity_sparsity0p1_s2,parity,sparsity0p1,2,ok,checkpoint_200000.pt,201,200000,0.5769752139136904,0.6243813554067462,0.575535132998512,0.624729701450893,0.5872512090773809,0.8110671270461309,0.5774501845950172,1024,8,16,1,,,random,64,,,,,0.0,,,,,softmax_ce,,0.1
sparsity,parity_sparsity0p1_s3,parity,sparsity0p1,3,ok,checkpoint_200000.pt,201,200000,0.6920118737599208,0.6926199389260913,0.6916988699776784,0.6928092447916667,0.9066569010416666,0.9069010416666666,0.128913931903385,1024,8,16,1,,,random,64,,,,,0.0,,,,,softmax_ce,,0.1
sparsity,parity_sparsity0p1_s0,parity,sparsity0p1,0,ok,checkpoint_200000.pt,201,200000,0.7016439189608136,0.7035409303695436,0.7026285807291667,0.7035428292410715,0.9999505905877977,1.0,8.622364666297854e-05,1024,8,16,1,,,random,64,,,,,0.0,,,,,softmax_ce,,0.1
sparsity,mazes_sparsity0p25_s1,mazes,sparsity0p25,1,ok,checkpoint.pt,100,100000,0.8823767999999999,0.8991670666666667,0.9085499479166667,0.9353518229166666,0.8931,0.90898,0.3648378513753414,2048,16,32,8,,,first-last,64,,,,,0.0,,,,,softmax_ce,,0.1
sparsity,parity_sparsity0p1_s1,parity,sparsity0p1,1,ok,checkpoint_200000.pt,201,200000,0.6344152250744048,0.6359768725198411,0.6337817770337302,0.6359175812251985,0.8536754789806548,0.8539399646577381,0.20354477280662173,1024,8,16,1,,,random,64,,,,,0.0,,,,,softmax_ce,,0.1
sparsity,parity_sparsity0p1_s4,parity,sparsity0p1,4,ok,checkpoint_200000.pt,201,200000,0.6871475461929563,0.689587169828869,0.6872565956721229,0.6899875992063493,0.9272896902901786,0.9272896902901786,0.10486580857208797,1024,8,16,1,,,random,64,,,,,0.0,,,,,softmax_ce,,0.1
sparsity,parity_sparsity0p25_s3,parity,sparsity0p25,3,ok,checkpoint_200000.pt,201,200000,0.7362140376984128,0.7377110072544643,0.7360699172247025,0.7377575489831348,0.9999883742559523,1.0,5.1117767551263615e-05,1024,8,16,1,,,random,64,,,,,0.0,,,,,softmax_ce,,0.1
sparsity,parity_sparsity0p25_s0,parity,sparsity0p25,0,ok,checkpoint_200000.pt,201,200000,0.6672535342261905,0.6678724113343254,0.6663826884920634,0.668136005704365,0.9985235305059523,0.9988432384672619,0.0033868045291109454,1024,8,16,1,,,random,64,,,,,0.0,,,,,softmax_ce,,0.1
sparsity,mazes_sparsity0p5_s3,mazes,sparsity0p5,3,ok,checkpoint.pt,100,100000,0.900546,0.9013635999999999,0.9490077083333333,0.9512663020833335,0.90606,0.90718,0.522883877158165,2048,16,32,8,,,first-last,64,,,,,0.0,,,,,softmax_ce,,0.1
sparsity,parity_sparsity0p25_s1,parity,sparsity0p25,1,ok,checkpoint_200000.pt,201,200000,0.7268071056547619,0.7327379014756945,0.7269268120659722,0.732562003968254,1.0,1.0,4.966693293412525e-10,1024,8,16,1,,,random,64,,,,,0.0,,,,,softmax_ce,,0.1
sparsity,parity_sparsity0p5_s2,parity,sparsity0p5,2,ok,checkpoint_200000.pt,201,200000,0.7363156079489087,0.7420903087797619,0.7363379293774801,0.7419911799355159,0.9999970935639881,1.0,1.0114883909363912e-05,1024,8,16,1,,,random,64,,,,,0.0,,,,,softmax_ce,,0.1
sparsity,parity_sparsity0p5_s1,parity,sparsity0p5,1,ok,checkpoint_200000.pt,201,200000,0.6418811228918652,0.6510300796750992,0.6416381835937501,0.6516239226810517,0.7978224981398809,0.7984735398065477,0.2793302734692891,1024,8,16,1,,,random,64,,,,,0.0,,,,,softmax_ce,,0.1
sparsity,parity_sparsity0p25_s4,parity,sparsity0p25,4,ok,checkpoint_200000.pt,201,200000,0.7386536613343254,0.7396661861359128,0.7388403707837301,0.7395533776661705,0.9999883742559523,1.0,2.0417536882998465e-05,1024,8,16,1,,,random,64,,,,,0.0,,,,,softmax_ce,,0.1
sparsity,parity_sparsity0p5_s0,parity,sparsity0p5,0,ok,checkpoint_200000.pt,201,200000,0.7415788147941469,0.7437723214285713,0.741467052641369,0.7439131479414682,1.0,1.0,2.5863809866121564e-10,1024,8,16,1,,,random,64,,,,,0.0,,,,,softmax_ce,,0.1
sparsity,parity_sparsity0p5_s4,parity,sparsity0p5,4,ok,checkpoint_200000.pt,201,200000,0.6490044487847222,0.7303153676835318,0.649449210999504,0.7302509223090278,0.8520885649181548,0.9997907366071429,0.20801658573604764,1024,8,16,1,,,random,64,,,,,0.0,,,,,softmax_ce,,0.1
sparsity,sort_sparsity0p5_s1,sort,sparsity0p5,1,ok,checkpoint.pt,101,100000,0.9,0.95,0.9111111111111111,0.95,,,0.03861981381972631,512,4,4,4,,,random-pairing,32,,,,,0.0,,,,,softmax_ce,,0.1
sparsity,parity_sparsity0p5_s3,parity,sparsity0p5,3,ok,checkpoint_200000.pt,201,200000,0.7603125775049603,0.7607071552579365,0.7604702225942461,0.7611329675099208,0.9999970935639881,1.0,1.0911642225832474e-05,1024,8,16,1,,,random,64,,,,,0.0,,,,,softmax_ce,,0.1
sparsity,sort_sparsity0p5_s2,sort,sparsity0p5,2,ok,checkpoint.pt,101,100000,0.8628472222222222,0.8774305555555556,0.8479166666666667,0.8875,,,0.05607535938421885,512,4,4,4,,,random-pairing,32,,,,,0.0,,,,,softmax_ce,,0.1
sparsity,mazes_sparsity0p5_s4,mazes,sparsity0p5,4,ok,checkpoint.pt,100,100000,0.8994158666666667,0.8996371999999998,0.9424758854166667,0.9438172916666666,0.90665,0.90796,0.47364769130945206,2048,16,32,8,,,first-last,64,,,,,0.0,,,,,softmax_ce,,0.1
sparsity,sort_sparsity0p5_s3,sort,sparsity0p5,3,ok,checkpoint.pt,101,100000,0.8434027777777777,0.8989583333333333,0.8086805555555555,0.8854166666666666,,,0.042038810749848686,512,4,4,4,,,random-pairing,32,,,,,0.0,,,,,softmax_ce,,0.1
sparsity,sort_sparsity0p5_s0,sort,sparsity0p5,0,ok,checkpoint.pt,101,100000,0.8493055555555555,0.8861111111111111,0.8385416666666666,0.8878472222222222,,,0.06180770446856817,512,4,4,4,,,random-pairing,32,,,,,0.0,,,,,softmax_ce,,0.1
sparsity,sort_sparsity0p5_s4,sort,sparsity0p5,4,ok,checkpoint.pt,101,100000,0.8986111111111111,0.8986111111111111,0.8253472222222222,0.9211805555555556,,,0.04110377033551534,512,4,4,4,,,random-pairing,32,,,,,0.0,,,,,softmax_ce,,0.1
sparsity,parity_sparsity0p75_s2,parity,sparsity0p75,2,ok,checkpoint_200000.pt,201,200000,0.6767504495287698,0.6772246636284723,0.6770732964409721,0.677440669952877,0.9085838681175595,0.9099062965029762,0.11726028152874537,1024,8,16,1,,,random,64,,,,,0.0,,,,,softmax_ce,,0.1
sparsity,parity_sparsity0p75_s1,parity,sparsity0p75,1,ok,checkpoint_200000.pt,201,200000,0.7261921812996032,0.7465309942336309,0.7267356460813493,0.7465223524305556,0.9999970935639881,1.0,5.1321955944721206e-06,1024,8,16,1,,,random,64,,,,,0.0,,,,,softmax_ce,,0.1
sparsity,mazes_sparsity0p75_s0,mazes,sparsity0p75,0,ok,checkpoint.pt,100,100000,0.8798262666666666,0.8799121333333333,0.8970098958333333,0.8994167187500001,0.88838,0.88882,0.3718111664056778,2048,16,32,8,,,first-last,64,,,,,0.0,,,,,softmax_ce,,0.1
sparsity,parity_sparsity0p75_s3,parity,sparsity0p75,3,ok,checkpoint_200000.pt,201,200000,0.7392468067956349,0.7439372907366072,0.7394942026289683,0.7439446537078372,1.0,1.0,8.01200974652893e-09,1024,8,16,1,,,random,64,,,,,0.0,,,,,softmax_ce,,0.1
sparsity,parity_sparsity0p75_s4,parity,sparsity0p75,4,ok,checkpoint_200000.pt,201,200000,0.7405465649801587,0.7434550161210318,0.7405127728174603,0.7433058190724207,1.0,1.0,3.2771477279348208e-09,1024,8,16,1,,,random,64,,,,,0.0,,,,,softmax_ce,,0.1
sparsity,mazes_sparsity0p75_s3,mazes,sparsity0p75,3,ok,checkpoint.pt,100,100000,0.8910722666666667,0.8917513333333333,0.92866921875,0.9327271354166667,0.89492,0.89635,0.49664725363254547,2048,16,32,8,,,first-last,64,,,,,0.0,,,,,softmax_ce,,0.1
sparsity,mazes_sparsity0p75_s1,mazes,sparsity0p75,1,ok,checkpoint.pt,100,100000,0.9052285333333333,0.9052285333333333,0.9506269270833334,0.9513290104166666,0.91341,0.91349,0.4436773955821991,2048,16,32,8,,,first-last,64,,,,,0.0,,,,,softmax_ce,,0.1
sparsity,mazes_sparsity0p75_s2,mazes,sparsity0p75,2,ok,checkpoint.pt,100,100000,0.8973206666666667,0.8978708,0.938376875,0.9418610416666666,0.90291,0.90404,0.495288610458374,2048,16,32,8,,,first-last,64,,,,,0.0,,,,,softmax_ce,,0.1
sparsity,mazes_sparsity0p75_s4,mazes,sparsity0p75,4,ok,checkpoint.pt,100,100000,0.9018565333333332,0.9026192000000001,0.9599449999999999,0.9604621354166667,0.90859,0.91016,0.577931672334671,2048,16,32,8,,,first-last,64,,,,,0.0,,,,,softmax_ce,,0.1
