stage,task,sweep,seed,best_test_acc,final_test_acc,best_test_acc_mc,delta_pp,n_points,final_iter
st00,cifar10,ff,,0.8424,0.8407,,19.810000000000006,101,200000
st00,cifar10,paper,0.0,0.669044,0.6562039999999999,0.8516,2.474399999999999,101,200000
st01,cifar10,d_model2x,1.0,0.7363219999999999,0.7333699999999999,0.8625,9.202199999999994,101,200000
st01,cifar10,d_model2x,2.0,0.717958,0.6632620000000001,0.8653,7.3658,101,200000
st01,cifar10,d_model2x,,0.7269199999999999,0.68639,0.8686,8.261999999999992,101,200000
st01,cifar10,d_modeld2,1.0,0.643716,0.620546,0.8322,-0.058400000000002894,101,200000
st01,cifar10,d_modeld2,2.0,0.7119900000000001,0.7087020000000002,0.8375,6.769000000000014,101,200000
st01,cifar10,d_modeld2,,0.713488,0.687428,0.824,6.918800000000003,101,200000
st01,cifar10,d_modeld4,1.0,0.736114,0.7225940000000002,0.8266,9.181400000000007,101,200000
st01,cifar10,d_modeld4,2.0,0.6708459999999999,0.668842,0.8224,2.654599999999996,101,200000
st01,cifar10,d_modeld4,,0.7061879999999999,0.672782,0.8226,6.188799999999994,101,200000
st01,cifar10,headsh16,1.0,0.6332639999999999,0.617522,0.8307,-1.1036000000000046,101,200000
st01,cifar10,headsh16,2.0,0.712076,0.683262,0.8493,6.777600000000006,101,200000
st01,cifar10,headsh16,,0.6853999999999999,0.662416,0.8438,4.109999999999991,101,200000
st01,cifar10,headsh2,1.0,0.608972,0.59862,0.8033,-3.5328000000000026,101,200000
st01,cifar10,headsh2,2.0,0.6569780000000001,0.6165360000000001,0.8503,1.2678000000000078,101,200000
st01,cifar10,headsh2,,0.6514819999999999,0.629668,0.8434,0.7181999999999911,101,200000
st01,cifar10,headsh8,1.0,0.678238,0.6640999999999999,0.8407,3.3938000000000024,101,200000
st01,cifar10,headsh8,2.0,0.6548920000000001,0.64119,0.8526,1.0592000000000157,101,200000
st01,cifar10,headsh8,,0.6684,0.6340859999999999,0.8466,2.410000000000001,101,200000
st01,cifar10,memory_hidden_dimsmh1,1.0,0.324694,0.324694,0.5863,-31.9606,2,2000
st01,cifar10,memory_hidden_dimsmh1,2.0,0.680644,0.67235,0.8437,3.6344000000000043,101,200000
st01,cifar10,memory_hidden_dimsmh1,,0.6821980000000001,0.6664359999999999,0.8423,3.78980000000001,101,200000
st01,cifar10,memory_hidden_dimsmh2,1.0,0.7165640000000001,0.693688,0.8407,7.226400000000011,101,200000
st01,cifar10,memory_hidden_dimsmh2,2.0,0.647114,0.6301500000000001,0.8502,0.2813999999999983,101,200000
st01,cifar10,memory_hidden_dimsmh2,,0.6881559999999999,0.68104,0.8441,4.3855999999999895,101,200000
st01,cifar10,memory_hidden_dimsmh32,1.0,0.7051040000000001,0.6948979999999999,0.8446,6.080400000000008,101,200000
st01,cifar10,memory_hidden_dimsmh32,2.0,0.6514719999999999,0.630288,0.8484,0.7171999999999956,101,200000
st01,cifar10,memory_hidden_dimsmh32,,0.6595059999999999,0.658914,0.8421,1.5205999999999942,101,200000
st01,cifar10,nst_random-pairing,1.0,0.55315,0.54156,0.818,-9.114999999999995,101,200000
st01,cifar10,nst_random-pairing,2.0,0.6957440000000001,0.6556440000000001,0.8413,5.144400000000015,101,200000
st01,cifar10,nst_random-pairing,,0.6833280000000002,0.6635880000000001,0.847,3.9028000000000174,101,200000
st01,cifar10,synapse_depthsd1,1.0,0.734572,0.7275880000000001,0.8391,9.027200000000002,101,200000
st01,cifar10,synapse_depthsd1,2.0,0.7123120000000001,0.705138,0.8434,6.801200000000007,101,200000
st01,cifar10,synapse_depthsd1,,0.7199920000000002,0.7131439999999999,0.8325,7.56920000000002,101,200000
st01,cifar10,synapse_depthsd2,1.0,0.7317460000000001,0.7280560000000001,0.8346,8.744600000000013,101,200000
st01,cifar10,synapse_depthsd2,2.0,0.667664,0.65834,0.8426,2.336400000000005,101,200000
st01,cifar10,synapse_depthsd2,,0.652826,0.62684,0.8396,0.8526000000000034,101,200000
st01,cifar10,synapse_depthsd8,1.0,0.7041299999999999,0.6460000000000001,0.8423,5.982999999999993,101,200000
st01,cifar10,synapse_depthsd8,2.0,0.7060020000000001,0.6969519999999999,0.8441,6.170200000000015,101,200000
st01,cifar10,synapse_depthsd8,,0.724734,0.717646,0.8519,8.0434,101,200000
st02,cifar10,tick1,1.0,0.8527,0.8507,0.8527,20.840000000000003,101,200000
st02,cifar10,tick1,2.0,0.85,0.8471,0.85,20.57,101,200000
st02,cifar10,tick1,,0.8488,0.845,0.8488,20.450000000000003,101,200000
st02,cifar10,tick10,1.0,0.5925900000000001,0.57759,0.8482,-5.170999999999992,101,200000
st02,cifar10,tick10,2.0,0.59413,0.5736,0.8513,-5.016999999999994,101,200000
st02,cifar10,tick10,,0.39103,0.39103,0.7056,-25.326999999999998,3,4000
st02,cifar10,tick2,1.0,0.7168,0.707,0.8473,7.250000000000001,101,200000
st02,cifar10,tick2,2.0,0.67735,0.6453,0.8479,3.3050000000000024,101,200000
st02,cifar10,tick2,,0.6043499999999999,0.6043499999999999,0.781,-3.995000000000004,4,6000
st02,cifar10,tick25,1.0,0.637876,0.6147279999999999,0.8509,-0.6423999999999985,101,200000
st02,cifar10,tick25,2.0,0.6797719999999999,0.6407200000000001,0.8517,3.547199999999995,101,200000
st02,cifar10,tick25,,0.6446160000000001,0.629252,0.8453,0.0316000000000094,101,200000
st02,cifar10,tick5,1.0,0.64456,0.6161800000000001,0.8447,0.026000000000003798,101,200000
st02,cifar10,tick5,2.0,0.61974,0.61208,0.8499,-2.4560000000000026,101,200000
st02,cifar10,tick5,,0.51494,0.51494,0.7583,-12.936000000000003,4,6000
st02,cifar10,tick50,1.0,0.780474,0.7685980000000001,0.8446,13.617400000000002,101,200000
st02,cifar10,tick50,2.0,0.3038,0.3038,0.5982,-34.05,2,2000
st02,cifar10,tick50,,0.723874,0.6795460000000001,0.8502,7.957400000000003,101,200000
st03,cifar10,sd1_mh2,1.0,0.7351,0.6524000000000001,0.8413,9.079999999999998,101,200000
st03,cifar10,sd1_mh2,2.0,0.7518,0.6728000000000001,0.8371,10.750000000000004,101,200000
st03,cifar10,sd1_mh2,,0.6373500000000001,0.6373500000000001,0.7998,-0.6949999999999901,6,10000
st03,cifar10,sd2_mh2,1.0,0.66025,0.66025,0.7917,1.595000000000002,6,10000
st03,cifar10,sd2_mh2,2.0,0.6037,0.6037,0.808,-4.059999999999997,6,10000
st03,cifar10,sd2_mh2,,0.71735,0.6770499999999999,0.8392,7.305000000000006,101,200000
st04,cifar10,jepa_mse,1.0,0.189264,0.13038,0.4319,-45.5036,101,200000
st04,cifar10,jepa_mse,2.0,0.399562,0.0999999999999999,0.5913,-24.4738,101,200000
st04,cifar10,jepa_mse,,0.13242,0.0999999999999999,0.2065,-51.188,101,200000
st04,cifar10,jepa_nostopgrad,1.0,0.7008359999999999,0.694148,0.8413,5.653599999999992,101,200000
st04,cifar10,jepa_nostopgrad,2.0,0.7252500000000001,0.71434,0.8415,8.095000000000008,101,200000
st04,cifar10,jepa_nostopgrad,,0.754766,0.718672,0.8316,11.046600000000007,101,200000
st04,cifar10,jepa_pd1,1.0,0.389894,0.389894,0.6477,-25.440599999999996,2,2000
st04,cifar10,jepa_pd1,2.0,0.6204900000000001,0.295604,0.8428,-2.3809999999999887,101,200000
st04,cifar10,jepa_pd1,,0.7070360000000001,0.575702,0.832,6.2736000000000125,101,200000
st04,cifar10,jepa_pd4,,0.68121,0.6065499999999999,0.843,3.691,101,200000
st04,cifar10,jepa_w0.1,1.0,0.767268,0.765026,0.8489,12.296799999999998,101,200000
st04,cifar10,jepa_w0.1,2.0,0.7567299999999999,0.7553600000000001,0.8451,11.242999999999991,101,200000
st04,cifar10,jepa_w0.1,,0.708792,0.686802,0.8458,6.449199999999999,101,200000
st04,cifar10,jepa_w0.5,1.0,0.70411,0.630582,0.8348,5.981000000000003,101,200000
st04,cifar10,jepa_w0.5,2.0,0.7380139999999998,0.6849080000000001,0.8493,9.371399999999985,101,200000
st04,cifar10,jepa_w0.5,,0.329058,0.329058,0.6343,-31.524199999999997,2,2000
st04,cifar10,jepa_w1.0,1.0,0.6988500000000001,0.330156,0.8423,5.45500000000001,101,200000
st04,cifar10,jepa_w1.0,2.0,0.6834200000000001,0.558422,0.8392,3.9120000000000155,101,200000
st04,cifar10,jepa_w1.0,,0.352138,0.352138,0.6322,-29.216199999999997,2,2000
st05,cifar10,jepa_sd2_mh2,1.0,0.7900500000000001,0.788082,0.8337,14.575000000000015,101,200000
st05,cifar10,jepa_sd2_mh2,2.0,0.3448439999999999,0.3448439999999999,0.599,-29.94560000000001,2,2000
st05,cifar10,jepa_tick2,1.0,0.41645,0.41645,0.7329,-22.785,3,4000
st05,cifar10,jepa_tick2,2.0,0.42255,0.42255,0.7451,-22.175,3,4000
st05,cifar10,jepa_tick2,,0.46925,0.46325,0.7984,-17.505,5,8000
st05,cifar10,jepa_tick2_sd2_mh2,1.0,0.43575,0.43575,0.7095,-20.854999999999997,3,4000
st05,cifar10,jepa_tick2_sd2_mh2,2.0,0.3846,0.3846,0.4623,-25.97,2,2000
st05,cifar10,jepa_tick2_sd2_mh2,,0.50825,0.50825,0.6988,-13.605,3,4000
st06,cifar10,halt0.3,1.0,0.119986,0.119986,0.72,-52.4314,3,4000
st06,cifar10,halt0.3,2.0,0.1192279999999999,0.1192279999999999,0.7672,-52.50720000000001,5,8000
st06,cifar10,halt0.3,,0.1182119999999999,0.1182119999999999,0.6705,-52.60880000000001,2,2000
st06,cifar10,halt0.6,1.0,0.1251239999999999,0.125014,0.8438,-51.91760000000001,101,200000
st06,cifar10,halt0.6,2.0,0.125398,0.125274,0.8514,-51.8902,101,200000
st06,cifar10,halt0.6,,0.1245,0.1243979999999999,0.843,-51.980000000000004,101,200000
st06,cifar10,halt0.9,1.0,0.12538,0.1247819999999999,0.8419,-51.892,101,200000
st06,cifar10,halt0.9,2.0,0.1154879999999999,0.1154879999999999,0.6606,-52.88120000000001,2,2000
st06,cifar10,halt0.9,,0.1196139999999999,0.1196139999999999,0.7512,-52.46860000000001,4,6000
st08,cifar10,sparsity0.25,1.0,0.7251419999999998,0.7061019999999999,0.8404,8.084199999999985,101,200000
st08,cifar10,sparsity0.25,2.0,0.7007939999999999,0.6823279999999999,0.8507,5.649399999999993,101,200000
st10,cifar10,revise,1.0,0.7329819999999999,0.7297999999999999,0.8462,8.868199999999993,101,200000
st10,cifar10,revise,,0.688798,0.65751,0.8501,4.449800000000003,101,200000
st13,cifar10,jepa_halt,1.0,0.112976,0.112976,0.7313,-53.132400000000004,4,6000
st13,cifar10,jepa_halt,,0.1136959999999999,0.1136959999999999,0.7841,-53.06040000000001,4,6000
st15,cifar10,halt_sparsity,2.0,0.1160279999999999,0.1160279999999999,0.6541,-52.827200000000005,2,2000
st15,cifar10,halt_sparsity,,0.1199459999999999,0.1199459999999999,0.7368,-52.43540000000001,3,4000
st00,mazes,paper,0.0,0.9016125333333334,0.8853152,0.91172,9.88125333333334,100,100000
st01,mazes,d_model2x,1.0,0.8938394666666666,0.8919592,0.90794,9.103946666666662,100,100000
st01,mazes,d_model2x,2.0,0.8971737333333333,0.8608737333333333,0.90745,9.437373333333332,100,100000
st01,mazes,d_model2x,,0.8898406666666667,0.8812493333333333,0.89836,8.704066666666677,100,100000
st01,mazes,d_modeld2,1.0,0.8854849333333333,0.8834505333333335,0.8922,8.268493333333337,100,100000
st01,mazes,d_modeld2,2.0,0.8698565333333333,0.8682154666666667,0.87975,6.7056533333333395,100,100000
st01,mazes,d_modeld2,,0.8985610666666666,0.8983397333333333,0.90594,9.57610666666666,100,100000
st01,mazes,d_modeld4,1.0,0.8649770666666666,0.8649278666666667,0.87832,6.2177066666666665,100,100000
st01,mazes,d_modeld4,2.0,0.8684317333333333,0.8677870666666667,0.87667,6.563173333333339,100,100000
st01,mazes,d_modeld4,,0.8806250666666665,0.8597743999999998,0.88851,7.782506666666656,100,100000
st01,mazes,headsh16,1.0,0.8944929333333334,0.8943517333333333,0.90397,9.16929333333334,100,100000
st01,mazes,headsh16,2.0,0.8801557333333333,0.8798995999999999,0.88777,7.735573333333335,100,100000
st01,mazes,headsh16,,0.9057390666666666,0.9056530666666666,0.9153,10.293906666666663,100,100000
st01,mazes,headsh2,1.0,0.8917452,0.8913504,0.90363,8.894520000000005,100,100000
st01,mazes,headsh2,2.0,0.8719404,0.8695693333333334,0.88364,6.914039999999999,100,100000
st01,mazes,headsh2,,0.8878970666666667,0.8876869333333334,0.89719,8.509706666666672,100,100000
st01,mazes,headsh8,1.0,0.8958765333333334,0.8958765333333334,0.90581,9.307653333333343,100,100000
st01,mazes,headsh8,2.0,0.8799702666666666,0.8592570666666667,0.89171,7.71702666666666,100,100000
st01,mazes,headsh8,,0.8987284,0.8985052,0.90735,9.592840000000002,100,100000
st01,mazes,memory_hidden_dimsmh1,1.0,0.9030596,0.9028186666666664,0.91128,10.025960000000001,100,100000
st01,mazes,memory_hidden_dimsmh1,2.0,0.9012481333333332,0.9009913333333333,0.90821,9.844813333333324,100,100000
st01,mazes,memory_hidden_dimsmh1,,0.9080844,0.9035021333333332,0.91646,10.528440000000005,100,100000
st01,mazes,memory_hidden_dimsmh2,1.0,0.89869,0.8985930666666666,0.90641,9.589000000000002,100,100000
st01,mazes,memory_hidden_dimsmh2,2.0,0.8975324,0.8972950666666666,0.90551,9.473240000000004,100,100000
st01,mazes,memory_hidden_dimsmh2,,0.8975357333333334,0.8972933333333333,0.90696,9.473573333333341,100,100000
st01,mazes,memory_hidden_dimsmh32,1.0,0.8828869333333333,0.7880782666666666,0.8919,8.008693333333339,100,100000
st01,mazes,memory_hidden_dimsmh32,2.0,0.8680230666666666,0.7832606666666666,0.87793,6.522306666666666,100,100000
st01,mazes,memory_hidden_dimsmh32,,0.9019977333333332,0.883394,0.91043,9.919773333333326,100,100000
st01,mazes,nst_first-last,1.0,0.9063829333333334,0.9063829333333334,0.91259,10.358293333333346,100,100000
st01,mazes,nst_first-last,2.0,0.9033724,0.9029054666666666,0.90899,10.05724,100,100000
st01,mazes,nst_first-last,,0.9038182666666668,0.9034156,0.91139,10.10182666666668,100,100000
st01,mazes,nst_random,1.0,0.8987197333333332,0.8987143999999999,0.90816,9.591973333333325,100,100000
st01,mazes,nst_random,2.0,0.8932889333333334,0.8929958666666667,0.90978,9.048893333333341,100,100000
st01,mazes,nst_random,,0.8599533333333332,0.8101957333333333,0.87662,5.715333333333328,100,100000
st01,mazes,nst_random-pairing,1.0,0.8677161333333333,0.8661472,0.90347,6.491613333333335,100,100000
st01,mazes,nst_random-pairing,2.0,0.8714906666666667,0.8697192,0.89882,6.869066666666679,100,100000
st01,mazes,nst_random-pairing,,0.8585536,0.8531573333333333,0.89834,5.575360000000007,100,100000
st01,mazes,synapse_depthsd1,1.0,0.8951822666666667,0.8949557333333333,0.90182,9.238226666666671,100,100000
st01,mazes,synapse_depthsd1,2.0,0.8623978666666667,0.8620182666666666,0.87307,5.959786666666678,100,100000
st01,mazes,synapse_depthsd1,,0.8957883999999999,0.8956434666666665,0.90284,9.298839999999997,100,100000
st01,mazes,synapse_depthsd2,1.0,0.9040838666666666,0.9036441333333334,0.91035,10.128386666666668,100,100000
st01,mazes,synapse_depthsd2,2.0,0.8979430666666667,0.8970768,0.90445,9.514306666666672,100,100000
st01,mazes,synapse_depthsd2,,0.9091528,0.9084113333333336,0.91634,10.635280000000002,100,100000
st01,mazes,synapse_depthsd8,1.0,0.8836360000000001,0.8794586666666667,0.89262,8.083600000000013,100,100000
st01,mazes,synapse_depthsd8,2.0,0.8753136,0.8751826666666667,0.88804,7.251360000000007,100,100000
st01,mazes,synapse_depthsd8,,0.9058813333333332,0.9052434666666668,0.91396,10.308133333333325,100,100000
st02,mazes,tick1,1.0,0.80616,0.80616,0.80616,0.33600000000000296,10,10000
st02,mazes,tick1,2.0,0.87216,0.8716200000000001,0.87216,6.936000000000009,100,100000
st02,mazes,tick1,,0.8035300000000001,0.8035300000000001,0.80353,0.07300000000001194,10,10000
st02,mazes,tick10,1.0,0.8966900000000001,0.896501,0.90277,9.389000000000014,100,100000
st02,mazes,tick10,2.0,0.885931,0.885216,0.89113,8.313100000000006,100,100000
st02,mazes,tick10,,0.90288,0.902677,0.90924,10.008000000000006,100,100000
st02,mazes,tick2,1.0,0.8945250000000001,0.8938499999999999,0.89658,9.172500000000017,100,100000
st02,mazes,tick2,2.0,0.802675,0.802675,0.80714,-0.012499999999993072,10,10000
st02,mazes,tick2,,0.8917599999999999,0.89094,0.89611,8.895999999999994,100,100000
st02,mazes,tick25,1.0,0.90286,0.9022004,0.91069,10.006000000000004,100,100000
st02,mazes,tick25,2.0,0.8967636,0.8957216,0.90458,9.396360000000003,100,100000
st02,mazes,tick25,,0.8971456000000002,0.8971020000000001,0.90613,9.434560000000026,100,100000
st02,mazes,tick5,1.0,0.889582,0.8887860000000001,0.89537,8.678200000000002,100,100000
st02,mazes,tick5,2.0,0.876288,0.8754639999999999,0.88056,7.3488,100,100000
st02,mazes,tick5,,0.898982,0.8984439999999999,0.90257,9.618199999999998,100,100000
st02,mazes,tick50,1.0,0.8930324000000001,0.8552906000000001,0.90324,9.02324000000001,100,100000
st02,mazes,tick50,2.0,0.8864418000000002,0.8705466000000001,0.89684,8.36418000000002,100,100000
st02,mazes,tick50,,0.8854784,0.8850450000000001,0.89505,8.267840000000003,100,100000
st03,mazes,sd1_mh2,1.0,0.8906525000000001,0.89039,0.89457,8.785250000000012,100,100000
st03,mazes,sd1_mh2,2.0,0.8802850000000001,0.880205,0.88316,7.748500000000014,100,100000
st03,mazes,sd1_mh2,,0.8973724999999999,0.89691,0.90268,9.457249999999995,100,100000
st03,mazes,sd2_mh2,1.0,0.89486,0.8944124999999999,0.89935,9.206000000000003,100,100000
st03,mazes,sd2_mh2,2.0,0.8855575000000002,0.8839400000000001,0.89112,8.275750000000027,100,100000
st03,mazes,sd2_mh2,,0.8915175000000001,0.890445,0.89589,8.871750000000011,100,100000
st04,mazes,jepa_mse,1.0,0.7720069333333333,0.7436589333333332,0.78842,-3.07930666666667,100,100000
st04,mazes,jepa_mse,2.0,0.7734129333333333,0.7456413333333333,0.78932,-2.9387066666666684,100,100000
st04,mazes,jepa_mse,,0.8053522666666666,0.8049637333333333,0.81886,0.2552266666666636,100,100000
st04,mazes,jepa_pd1,1.0,0.8647369333333333,0.8647369333333333,0.87041,6.193693333333339,100,100000
st04,mazes,jepa_pd1,2.0,0.8578168,0.8518477333333333,0.86806,5.501680000000009,100,100000
st04,mazes,jepa_pd1,,0.8740321333333333,0.830924,0.87912,7.123213333333334,100,100000
st04,mazes,jepa_pd4,1.0,0.9026068,0.9022698666666666,0.90819,9.980680000000008,100,100000
st04,mazes,jepa_pd4,2.0,0.9039022666666666,0.9033334666666668,0.91173,10.110226666666666,100,100000
st04,mazes,jepa_pd4,,0.9014470666666666,0.8820634666666666,0.90882,9.864706666666667,100,100000
st04,mazes,jepa_w0.1,1.0,0.8968154666666667,0.8967054666666666,0.90712,9.401546666666672,100,100000
st04,mazes,jepa_w0.1,2.0,0.8734494666666666,0.7780503999999999,0.88227,7.0649466666666605,100,100000
st04,mazes,jepa_w0.1,,0.8991923999999999,0.8988341333333333,0.90897,9.639239999999994,100,100000
st04,mazes,jepa_w0.5,1.0,0.9060048,0.905908,0.91068,10.32048000000001,100,100000
st04,mazes,jepa_w0.5,2.0,0.8905130666666666,0.8904907999999999,0.89805,8.771306666666668,100,100000
st04,mazes,jepa_w1.0,1.0,0.9021678666666668,0.9016965333333332,0.90744,9.936786666666686,100,100000
st04,mazes,jepa_w1.0,2.0,0.8851156,0.8526076,0.89156,8.231560000000005,100,100000
st04,mazes,jepa_w1.0,,0.9040673333333332,0.9034545333333333,0.91293,10.126733333333327,100,100000
st08,mazes,sparsity0.5,1.0,0.8853146666666666,0.8847385333333333,0.90143,8.251466666666662,100,100000
st09,mazes,reflex,,0.9029206666666668,0.9029101333333333,0.91265,10.012066666666685,100,100000
st10,mazes,revise,,0.9044072,0.8444465333333333,0.91382,10.160720000000001,100,100000
st12,mazes,ema,,0.895484,0.8730105333333334,0.90352,9.2684,100,100000
st00,parity,paper,0.0,0.6797130766369047,0.6797026909722222,0.8820684523809523,0.0013076636904751915,201,200000
st01,parity,d_model2x,1.0,0.7405625697544643,0.7403123837425595,1.0,6.086256975446435,201,200000
st01,parity,d_model2x,2.0,0.7709774538070436,0.7668394252232144,1.0,9.127745380704367,201,200000
st01,parity,d_model2x,,0.7292932322668653,0.7290852089533729,0.9614955357142856,4.9593232266865295,201,200000
st01,parity,d_modeld2,1.0,0.7591077241443451,0.7586424231150793,1.0,7.940772414434516,201,200000
st01,parity,d_modeld2,2.0,0.7700225539434524,0.769396003844246,1.0,9.032255394345245,201,200000
st01,parity,d_modeld2,,0.6462819707961309,0.6454577830481151,0.8214401971726191,-3.341802920386905,201,200000
st01,parity,d_modeld4,1.0,0.6503188941592262,0.6496122426835317,0.7282046363467262,-2.9381105840773802,201,200000
st01,parity,d_modeld4,2.0,0.6343323335193451,0.6334217277405753,0.7612885974702381,-4.536766648065482,201,200000
st01,parity,d_modeld4,,0.6610928586929563,0.660881115141369,0.8240937732514881,-1.8607141307043662,201,200000
st01,parity,headsh16,1.0,0.7686454070560516,0.7686141725570437,1.0,8.89454070560516,201,200000
st01,parity,headsh16,2.0,0.7127895972842261,0.7117285543774802,0.9999476841517856,3.3089597284226113,201,200000
st01,parity,headsh16,,0.7516251627604168,0.7453298998635912,1.0,7.192516276041683,201,200000
st01,parity,headsh2,1.0,0.6525451466393849,0.6519683159722222,0.8299647739955357,-2.715485336061507,201,200000
st01,parity,headsh2,2.0,0.6605249798487104,0.6601364087301587,0.7821597144717262,-1.917502015128958,201,200000
st01,parity,headsh2,,0.6753901212177579,0.6748918030753968,0.7644507998511905,-0.43098787822420936,201,200000
st01,parity,headsh8,1.0,0.7077302672371032,0.707051285032242,0.9689069475446428,2.8030267237103224,201,200000
st01,parity,headsh8,2.0,0.6848913380456351,0.6491181098090277,0.9999447777157738,0.5191338045635097,201,200000
st01,parity,headsh8,,0.6797130766369047,0.6797026909722222,0.8820684523809523,0.0013076636904751915,201,200000
st01,parity,memory_hidden_dimsmh1,1.0,0.7551708596850197,0.7551708596850197,0.9999854678199404,7.547085968501976,201,200000
st01,parity,memory_hidden_dimsmh1,2.0,0.7082559446304565,0.7068038504464287,1.0,2.855594463045652,201,200000
st01,parity,memory_hidden_dimsmh1,,0.6144337875124009,0.6136038256448412,0.8423694428943452,-6.526621248759912,201,200000
st01,parity,memory_hidden_dimsmh2,1.0,0.6561304098462302,0.6554586356026786,0.9562203543526786,-2.3569590153769804,201,200000
st01,parity,memory_hidden_dimsmh2,2.0,0.6520987955729166,0.6505851236979165,0.9515119280133928,-2.760120442708336,201,200000
st01,parity,memory_hidden_dimsmh2,,0.733043426029266,0.7290824187748016,0.9561709449404762,5.334342602926601,201,200000
st01,parity,memory_hidden_dimsmh32,1.0,0.6842592850942459,0.6292208426339284,0.7654680524553571,0.45592850942459684,201,200000
st01,parity,memory_hidden_dimsmh32,2.0,0.7363847036210318,0.6944576590401786,1.0,5.668470362103184,201,200000
st01,parity,memory_hidden_dimsmh32,,0.7584392826140873,0.7558981274801587,1.0,7.873928261408736,201,200000
st01,parity,nst_first-last,1.0,0.6775043015252976,0.6766597687251984,0.928463890438988,-0.21956984747023567,201,200000
st01,parity,nst_first-last,2.0,0.7748938182043651,0.7742812189980159,0.9999709356398808,9.519381820436513,201,200000
st01,parity,nst_first-last,,0.775967029389881,0.7475123232886905,0.9994332449776786,9.626702938988107,201,200000
st01,parity,nst_random,1.0,0.7077302672371032,0.707051285032242,0.9689069475446428,2.8030267237103224,201,200000
st01,parity,nst_random,2.0,0.6848913380456351,0.6491181098090277,0.9999447777157738,0.5191338045635097,201,200000
st01,parity,nst_random,,0.6797130766369047,0.6797026909722222,0.8820684523809523,0.0013076636904751915,201,200000
st01,parity,nst_random-pairing,1.0,0.6964844912574405,0.6950856042286707,0.8055594308035714,1.6784491257440526,201,200000
st01,parity,nst_random-pairing,2.0,0.6858825102306548,0.6796895538814484,0.7951602027529762,0.6182510230654858,201,200000
st01,parity,nst_random-pairing,,0.6961503673735119,0.6957807074652778,0.8226521809895834,1.645036737351191,201,200000
st01,parity,synapse_depthsd1,1.0,0.7077302672371032,0.707051285032242,0.9689069475446428,2.8030267237103224,201,200000
st01,parity,synapse_depthsd1,2.0,0.6848913380456351,0.6491181098090277,0.9999447777157738,0.5191338045635097,201,200000
st01,parity,synapse_depthsd1,,0.6797130766369047,0.6797026909722222,0.8820684523809523,0.0013076636904751915,201,200000
st01,parity,synapse_depthsd2,1.0,0.7496412682911707,0.7468902684771825,1.0,6.994126829117075,201,200000
st01,parity,synapse_depthsd2,2.0,0.749585697234623,0.7394416542658729,1.0,6.988569723462302,201,200000
st01,parity,synapse_depthsd2,,0.7357315693204366,0.7269269283234127,1.0,5.603156932043662,201,200000
st01,parity,synapse_depthsd8,1.0,0.7128049820188492,0.7074883355034722,1.0,3.310498201884926,201,200000
st01,parity,synapse_depthsd8,2.0,0.8253214518229166,0.8253214518229166,0.9473005022321428,14.562145182291664,201,200000
st01,parity,synapse_depthsd8,,0.7192597113715278,0.7098048812624008,0.9999302455357144,3.9559711371527806,201,200000
st02,parity,tick1,1.0,0.6574677966889881,0.6557529994419643,0.6574677966889881,-2.2232203311011833,201,200000
st02,parity,tick1,2.0,0.6484229678199405,0.64703369140625,0.6484229678199405,-3.1277032180059505,201,200000
st02,parity,tick1,,0.6495419456845238,0.6478009905133929,0.6495419456845238,-3.0158054315476135,201,200000
st02,parity,tick10,1.0,0.5877999441964286,0.586433337983631,0.7379847935267857,-9.190005580357141,201,200000
st02,parity,tick10,2.0,0.616330101376488,0.6155241466703869,0.6788911365327381,-6.336989862351194,201,200000
st02,parity,tick10,,0.5937421526227677,0.5927365257626488,0.7465239025297619,-8.595784737723221,201,200000
st02,parity,tick2,1.0,0.6092151460193452,0.6069147019159227,0.6876511346726191,-7.048485398065473,201,200000
st02,parity,tick2,2.0,0.6227620442708334,0.6227358863467263,0.6733253115699405,-5.69379557291666,201,200000
st02,parity,tick2,,0.6204703194754464,0.6194312686011905,0.6697939918154762,-5.922968052455357,201,200000
st02,parity,tick25,1.0,0.6432841564360119,0.6423814174107143,0.8988938104538691,-3.641584356398808,201,200000
st02,parity,tick25,2.0,0.6537687174479168,0.6529360816592262,0.9147135416666666,-2.5931282552083212,201,200000
st02,parity,tick25,,0.6021952892485118,0.6010184151785715,0.7966860816592262,-7.750471075148813,201,200000
st02,parity,tick5,1.0,0.6042271205357143,0.6028378441220238,0.7295474097842262,-7.547287946428572,201,200000
st02,parity,tick5,2.0,0.6017839704241071,0.6014915829613094,0.7171282087053571,-7.791602957589284,201,200000
st02,parity,tick5,,0.5992536272321428,0.597451636904762,0.6977800641741071,-8.044637276785716,201,200000
st02,parity,tick50,1.0,0.7358647228422618,0.7351407296316964,0.9621930803571428,5.616472284226182,201,200000
st02,parity,tick50,2.0,0.6553459821428572,0.655014415922619,0.8056291852678571,-2.435401785714275,201,200000
st02,parity,tick50,,0.78118896484375,0.7803242420014881,1.0,10.148896484375003,201,200000
st03,parity,sd1_mh2,1.0,0.6035737537202381,0.6019839332217263,0.65435791015625,-7.612624627976183,201,200000
st03,parity,sd1_mh2,2.0,0.6103108723958333,0.6094534737723214,0.66925048828125,-6.938912760416671,201,200000
st03,parity,sd1_mh2,,0.6112598237537202,0.6098254975818452,0.6583135695684523,-6.844017624627973,201,200000
st03,parity,sd2_mh2,1.0,0.604522705078125,0.6032438732328869,0.6602899460565477,-7.517729492187497,201,200000
st03,parity,sd2_mh2,2.0,0.6040591285342263,0.6032031831287202,0.6769321986607143,-7.56408714657737,201,200000
st03,parity,sd2_mh2,,0.6124776204427084,0.6116652715773809,0.6806349981398809,-6.72223795572916,201,200000
st04,parity,jepa_pd1,1.0,0.6362521701388889,0.6357064189608136,0.6415724981398809,-4.344782986111106,161,160000
st08,parity,sparsity0.25,1.0,0.7077302672371032,0.707051285032242,0.9689069475446428,2.8030267237103224,201,200000
st08,parity,sparsity0.25,2.0,0.6848913380456351,0.6491181098090277,0.9999447777157738,0.5191338045635097,201,200000
st08,parity,sparsity0.25,,0.6797130766369047,0.6797026909722222,0.8820684523809523,0.0013076636904751915,201,200000
st08,parity,sparsity0.75,1.0,0.7077302672371032,0.707051285032242,0.9689069475446428,2.8030267237103224,201,200000
st08,parity,sparsity0.75,2.0,0.6848913380456351,0.6491181098090277,0.9999447777157738,0.5191338045635097,201,200000
st08,parity,sparsity0.75,,0.6797130766369047,0.6797026909722222,0.8820684523809523,0.0013076636904751915,201,200000
st10,parity,revise,1.0,0.7077302672371032,0.707051285032242,0.9689069475446428,2.8030267237103224,201,200000
st10,parity,revise,,0.6797130766369047,0.6797026909722222,0.8820684523809523,0.0013076636904751915,201,200000
st00,qamnist,paper,0.0,0.3662439123376623,0.2341331845238095,0.9953497023809524,0.004391233766226632,201,200000
st02,qamnist,repeat1,1.0,0.4641842532467533,0.2530459449404761,0.99609375,9.798425324675325,201,200000
st02,qamnist,repeat1,2.0,0.5794005102040816,0.4148596938775509,0.9951636904761904,21.320051020408155,201,200000
st02,qamnist,repeat1,,0.4282366071428571,0.2270275297619047,0.9955357142857144,6.203660714285708,201,200000
st02,qamnist,repeat10,2.0,0.2840242346938775,0.2279868197278911,0.9947916666666666,-8.217576530612252,201,200000
st02,qamnist,repeat10,,0.3662439123376623,0.2341331845238095,0.9953497023809524,0.004391233766226632,201,200000
st02,qamnist,repeat20,2.0,0.4276559842687074,0.2389715608465608,0.9940476190476192,6.145598426870736,171,170000
st02,qamnist,repeat20,,0.3744401041666666,0.2242896670386904,0.995907738095238,0.8240104166666595,201,200000
st02,qamnist,repeat5,1.0,0.2367857142857142,0.1852818080357142,0.99609375,-12.941428571428581,201,200000
st02,qamnist,repeat5,2.0,0.3004261363636363,0.1987988945578231,0.9949776785714286,-6.577386363636373,201,200000
st02,qamnist,repeat5,,0.3516876352813852,0.2453962053571428,0.995907738095238,-1.4512364718614834,201,200000
st04,qamnist,jepa_mse,1.0,0.5371130952380953,0.107280040922619,0.7306547619047619,17.09130952380952,201,200000
st04,qamnist,jepa_mse,2.0,0.6165066964285715,0.0993250425170068,0.7338169642857143,25.030669642857145,201,200000
st04,qamnist,jepa_nostopgrad,1.0,0.680703125,0.2590215773809524,0.9949776785714286,31.450312499999995,161,160000
st04,qamnist,jepa_pd1,2.0,0.7350706845238095,0.3337319302721089,0.9957217261904762,36.88706845238095,201,200000
st04,qamnist,jepa_pd4,1.0,0.4234747023809523,0.245024181547619,0.9953497023809524,5.727470238095228,201,200000
st04,qamnist,jepa_pd4,2.0,0.6240252976190476,0.1355840773809523,0.9947916666666666,25.782529761904755,201,200000
st04,qamnist,jepa_pd4,,0.4676971726190476,0.2030505952380952,0.9947916666666666,10.149717261904756,201,200000
st04,qamnist,jepa_w0.1,1.0,0.3376753826530612,0.2294689360119047,0.9955357142857144,-2.8524617346938843,201,200000
st04,qamnist,jepa_w0.1,2.0,0.4278720238095239,0.3258742559523808,0.9955357142857144,6.167202380952386,201,200000
st04,qamnist,jepa_w0.5,1.0,0.6145238095238095,0.2995233444940476,0.9946056547619048,24.832380952380944,201,200000
st04,qamnist,jepa_w0.5,2.0,0.458657525510204,0.4176764455782313,0.9947916666666666,9.245752551020397,201,200000
st04,qamnist,jepa_w1.0,1.0,0.426783056972789,0.2298711867559524,0.9957217261904762,6.0583056972788984,201,200000
st04,qamnist,jepa_w1.0,2.0,0.378173363095238,0.2945179634353741,0.9944196428571428,1.1973363095237999,201,200000
st06,qamnist,halt0.6,1.0,0.549858630952381,0.549858630952381,0.5885416666666666,18.365863095238094,1,200000
st09,qamnist,reflex,1.0,0.3365547213203463,0.2403715587797619,0.9951636904761904,-2.964527867965372,201,200000
st13,qamnist,jepa_halt,,0.1498263888888888,0.1498263888888888,0.1530877976190476,-21.637361111111122,1,200000
st00,sort,paper,0.0,0.8753472222222223,0.8125,,16.074722222222228,101,100000
st01,sort,d_model2x,1.0,0.9371527777777776,0.9371527777777776,,22.25527777777776,101,100000
st01,sort,d_model2x,2.0,0.9003472222222222,0.815625,,18.574722222222217,101,100000
st01,sort,d_model2x,,0.9336805555555556,0.8625,,21.90805555555556,101,100000
st01,sort,d_modeld2,1.0,0.7989583333333333,0.6645833333333333,,8.435833333333331,101,100000
st01,sort,d_modeld2,2.0,0.8454861111111112,0.7371527777777778,,13.088611111111115,101,100000
st01,sort,d_modeld2,,0.7916666666666666,0.7916666666666666,,7.706666666666662,101,100000
st01,sort,d_modeld4,1.0,0.5496527777777778,0.5170138888888889,,-16.494722222222226,101,100000
st01,sort,d_modeld4,2.0,0.5322916666666667,0.4958333333333333,,-18.23083333333333,101,100000
st01,sort,d_modeld4,,0.7013888888888888,0.6388888888888888,,-1.3211111111111173,101,100000
st01,sort,headsh16,1.0,0.9545138888888888,0.9166666666666666,,23.991388888888878,101,100000
st01,sort,headsh16,2.0,0.9461805555555556,0.8888888888888888,,23.158055555555556,101,100000
st01,sort,headsh16,,0.8753472222222223,0.8125,,16.074722222222228,101,100000
st01,sort,headsh2,1.0,0.9545138888888888,0.9166666666666666,,23.991388888888878,101,100000
st01,sort,headsh2,2.0,0.9461805555555556,0.8888888888888888,,23.158055555555556,101,100000
st01,sort,headsh2,,0.8753472222222223,0.8125,,16.074722222222228,101,100000
st01,sort,headsh8,1.0,0.9545138888888888,0.9166666666666666,,23.991388888888878,101,100000
st01,sort,headsh8,2.0,0.9461805555555556,0.8888888888888888,,23.158055555555556,101,100000
st01,sort,headsh8,,0.8753472222222223,0.8125,,16.074722222222228,101,100000
st01,sort,memory_hidden_dimsmh1,1.0,0.6104166666666667,0.5420138888888889,,-10.41833333333333,101,100000
st01,sort,memory_hidden_dimsmh1,2.0,0.5461805555555556,0.5059027777777778,,-16.841944444444444,101,100000
st01,sort,memory_hidden_dimsmh1,,0.8913194444444444,0.8170138888888889,,17.671944444444442,101,100000
st01,sort,memory_hidden_dimsmh2,1.0,0.9010416666666666,0.8159722222222222,,18.644166666666663,101,100000
st01,sort,memory_hidden_dimsmh2,2.0,0.859375,0.859375,,14.4775,101,100000
st01,sort,memory_hidden_dimsmh2,,0.8524305555555556,0.8465277777777778,,13.783055555555556,101,100000
st01,sort,memory_hidden_dimsmh32,1.0,0.91875,0.8486111111111111,,20.414999999999996,101,100000
st01,sort,memory_hidden_dimsmh32,2.0,0.9194444444444444,0.8986111111111111,,20.48444444444444,101,100000
st01,sort,memory_hidden_dimsmh32,,0.8756944444444444,0.7899305555555556,,16.109444444444442,101,100000
st01,sort,nst_first-last,1.0,0.8520833333333333,0.8520833333333333,,13.74833333333333,101,100000
st01,sort,nst_first-last,2.0,0.8986111111111111,0.8472222222222222,,18.401111111111113,101,100000
st01,sort,nst_first-last,,0.9,0.85625,,18.54,101,100000
st01,sort,nst_random,1.0,0.8847222222222222,0.8552083333333333,,17.012222222222217,101,100000
st01,sort,nst_random,2.0,0.8479166666666667,0.846875,,13.331666666666663,101,100000
st01,sort,nst_random,,0.915625,0.8600694444444444,,20.1025,101,100000
st01,sort,nst_random-pairing,1.0,0.9545138888888888,0.9166666666666666,,23.991388888888878,101,100000
st01,sort,nst_random-pairing,2.0,0.9461805555555556,0.8888888888888888,,23.158055555555556,101,100000
st01,sort,nst_random-pairing,,0.8753472222222223,0.8125,,16.074722222222228,101,100000
st01,sort,synapse_depthsd1,1.0,0.8496527777777778,0.8152777777777778,,13.50527777777778,101,100000
st01,sort,synapse_depthsd1,2.0,0.8614583333333333,0.8475694444444445,,14.685833333333331,101,100000
st01,sort,synapse_depthsd1,,0.8423611111111111,0.7961805555555556,,12.77611111111111,101,100000
st01,sort,synapse_depthsd2,1.0,0.8069444444444445,0.7385416666666667,,9.234444444444446,101,100000
st01,sort,synapse_depthsd2,2.0,0.8295138888888889,0.8295138888888889,,11.491388888888887,101,100000
st01,sort,synapse_depthsd2,,0.8729166666666667,0.8729166666666667,,15.831666666666667,101,100000
st01,sort,synapse_depthsd8,1.0,0.8503472222222223,0.7871527777777778,,13.574722222222224,101,100000
st01,sort,synapse_depthsd8,2.0,0.8006944444444445,0.7704861111111111,,8.609444444444447,101,100000
st01,sort,synapse_depthsd8,,0.8819444444444444,0.8503472222222223,,16.734444444444442,101,100000
st02,sort,tick50,1.0,0.9545138888888888,0.9166666666666666,,23.991388888888878,101,100000
st02,sort,tick50,2.0,0.9461805555555556,0.8888888888888888,,23.158055555555556,101,100000
st02,sort,tick50,,0.8753472222222223,0.8125,,16.074722222222228,101,100000
st04,sort,jepa_w0.1,1.0,0.8513888888888889,0.8288194444444444,,13.678888888888885,101,100000
st04,sort,jepa_w0.1,2.0,0.815625,0.7666666666666667,,10.102500000000003,101,100000
st04,sort,jepa_w0.5,1.0,0.6996527777777778,0.6819444444444445,,-1.4947222222222223,101,100000
st04,sort,jepa_w0.5,2.0,0.6284722222222222,0.6284722222222222,,-8.61277777777778,101,100000
st04,sort,jepa_w1.0,1.0,0.5909722222222222,0.5586805555555555,,-12.362777777777778,101,100000
st08,sort,sparsity0.25,1.0,0.9545138888888888,0.9166666666666666,,23.991388888888878,101,100000
st08,sort,sparsity0.25,2.0,0.9461805555555556,0.8888888888888888,,23.158055555555556,101,100000
st08,sort,sparsity0.25,,0.8753472222222223,0.8125,,16.074722222222228,101,100000
st08,sort,sparsity0.5,1.0,0.9545138888888888,0.9166666666666666,,23.991388888888878,101,100000
st08,sort,sparsity0.5,2.0,0.9461805555555556,0.8888888888888888,,23.158055555555556,101,100000
st08,sort,sparsity0.5,,0.8753472222222223,0.8125,,16.074722222222228,101,100000
st08,sort,sparsity0.75,1.0,0.9545138888888888,0.9166666666666666,,23.991388888888878,101,100000
st08,sort,sparsity0.75,2.0,0.9461805555555556,0.8888888888888888,,23.158055555555556,101,100000
st08,sort,sparsity0.75,,0.8753472222222223,0.8125,,16.074722222222228,101,100000
st10,sort,revise,1.0,0.9545138888888888,0.9166666666666666,,23.991388888888878,101,100000
st10,sort,revise,2.0,0.9461805555555556,0.8888888888888888,,23.158055555555556,101,100000
st10,sort,revise,,0.8753472222222223,0.8125,,16.074722222222228,101,100000
